
C:/Users/Prince Jha/PicoProjects/PICO_UART/build/PICO_UART.elf:     file format elf32-littlearm

Sections:
Idx Name          Size      VMA       LMA       File off  Algn
  0 .boot2        00000100  10000000  10000000  00001000  2**0
                  CONTENTS, ALLOC, LOAD, READONLY, CODE
  1 .text         000016ec  10000100  10000100  00001100  2**3
                  CONTENTS, ALLOC, LOAD, READONLY, CODE
  2 .rodata       000000f0  100017ec  100017ec  000027ec  2**2
                  CONTENTS, ALLOC, LOAD, READONLY, DATA
  3 .binary_info  00000020  100018dc  100018dc  000028dc  2**2
                  CONTENTS, ALLOC, LOAD, READONLY, DATA
  4 .xip_ram      00000000  15000000  15000000  00003228  2**0
                  CONTENTS
  5 .ram_vector_table 000000c0  20000000  20000000  00004000  2**2
                  ALLOC
  6 .uninitialized_data 00000000  200000c0  200000c0  00003228  2**0
                  CONTENTS
  7 .data         00000168  200000c0  100018fc  000030c0  2**4
                  CONTENTS, ALLOC, LOAD, READONLY, CODE
  8 .tdata        00000000  20000228  20000228  00003228  2**0
                  CONTENTS, ALLOC, LOAD, DATA, THREAD_LOCAL
  9 .tbss         00000000  20000228  20000228  00000000  2**0
                  ALLOC, THREAD_LOCAL
 10 .tbss_space   00000000  20000228  20000228  00003228  2**0
                  CONTENTS
 11 .bss          000003e8  20000228  10001a64  00003228  2**3
                  ALLOC
 12 .tls0         00000000  20000610  20000610  00003228  2**0
                  CONTENTS
 13 .tls1         00000000  20000610  20000610  00003228  2**0
                  CONTENTS
 14 .persistent_data 00000000  20000610  20000610  00003228  2**0
                  CONTENTS
 15 .dummy_pre_heap 00000000  20000610  20000610  00003228  2**0
                  CONTENTS
 16 .heap         00000800  20000610  20000610  00004000  2**2
                  ALLOC, READONLY
 17 .scratch_x    00000000  20040000  20040000  00003228  2**0
                  CONTENTS
 18 .scratch_y    00000000  20041000  20041000  00003228  2**0
                  CONTENTS
 19 .stack_dummy  00000800  20041000  20041000  00004000  2**5
                  ALLOC, READONLY
 20 .debug_info   00017580  00000000  00000000  00003228  2**0
                  CONTENTS, READONLY, DEBUGGING, OCTETS
 21 .debug_abbrev 000045e4  00000000  00000000  0001a7a8  2**0
                  CONTENTS, READONLY, DEBUGGING, OCTETS
 22 .debug_loclists 0000db4d  00000000  00000000  0001ed8c  2**0
                  CONTENTS, READONLY, DEBUGGING, OCTETS
 23 .debug_aranges 00000dd8  00000000  00000000  0002c8e0  2**3
                  CONTENTS, READONLY, DEBUGGING, OCTETS
 24 .debug_rnglists 0000250a  00000000  00000000  0002d6b8  2**0
                  CONTENTS, READONLY, DEBUGGING, OCTETS
 25 .debug_line   0001400f  00000000  00000000  0002fbc2  2**0
                  CONTENTS, READONLY, DEBUGGING, OCTETS
 26 .debug_str    0000405f  00000000  00000000  00043bd1  2**0
                  CONTENTS, READONLY, DEBUGGING, OCTETS
 27 .comment      00000045  00000000  00000000  00047c30  2**0
                  CONTENTS, READONLY
 28 .ARM.attributes 0000002a  00000000  00000000  00047c75  2**0
                  CONTENTS, READONLY
 29 .debug_frame  000017c4  00000000  00000000  00047ca0  2**2
                  CONTENTS, READONLY, DEBUGGING, OCTETS
 30 .debug_line_str 0000032c  00000000  00000000  00049464  2**0
                  CONTENTS, READONLY, DEBUGGING, OCTETS

C:/Users/Prince Jha/PicoProjects/PICO_UART/build/PICO_UART.elf:     file format elf32-littlearm


Disassembly of section .boot2:

10000000 <__boot2_start__>:
10000000:	4b32b500 	.word	0x4b32b500
10000004:	60582021 	.word	0x60582021
10000008:	21026898 	.word	0x21026898
1000000c:	60984388 	.word	0x60984388
10000010:	611860d8 	.word	0x611860d8
10000014:	4b2e6158 	.word	0x4b2e6158
10000018:	60992100 	.word	0x60992100
1000001c:	61592102 	.word	0x61592102
10000020:	22f02101 	.word	0x22f02101
10000024:	492b5099 	.word	0x492b5099
10000028:	21016019 	.word	0x21016019
1000002c:	20356099 	.word	0x20356099
10000030:	f844f000 	.word	0xf844f000
10000034:	42902202 	.word	0x42902202
10000038:	2106d014 	.word	0x2106d014
1000003c:	f0006619 	.word	0xf0006619
10000040:	6e19f834 	.word	0x6e19f834
10000044:	66192101 	.word	0x66192101
10000048:	66182000 	.word	0x66182000
1000004c:	f000661a 	.word	0xf000661a
10000050:	6e19f82c 	.word	0x6e19f82c
10000054:	6e196e19 	.word	0x6e196e19
10000058:	f0002005 	.word	0xf0002005
1000005c:	2101f82f 	.word	0x2101f82f
10000060:	d1f94208 	.word	0xd1f94208
10000064:	60992100 	.word	0x60992100
10000068:	6019491b 	.word	0x6019491b
1000006c:	60592100 	.word	0x60592100
10000070:	481b491a 	.word	0x481b491a
10000074:	21016001 	.word	0x21016001
10000078:	21eb6099 	.word	0x21eb6099
1000007c:	21a06619 	.word	0x21a06619
10000080:	f0006619 	.word	0xf0006619
10000084:	2100f812 	.word	0x2100f812
10000088:	49166099 	.word	0x49166099
1000008c:	60014814 	.word	0x60014814
10000090:	60992101 	.word	0x60992101
10000094:	2800bc01 	.word	0x2800bc01
10000098:	4700d000 	.word	0x4700d000
1000009c:	49134812 	.word	0x49134812
100000a0:	c8036008 	.word	0xc8036008
100000a4:	8808f380 	.word	0x8808f380
100000a8:	b5034708 	.word	0xb5034708
100000ac:	20046a99 	.word	0x20046a99
100000b0:	d0fb4201 	.word	0xd0fb4201
100000b4:	42012001 	.word	0x42012001
100000b8:	bd03d1f8 	.word	0xbd03d1f8
100000bc:	6618b502 	.word	0x6618b502
100000c0:	f7ff6618 	.word	0xf7ff6618
100000c4:	6e18fff2 	.word	0x6e18fff2
100000c8:	bd026e18 	.word	0xbd026e18
100000cc:	40020000 	.word	0x40020000
100000d0:	18000000 	.word	0x18000000
100000d4:	00070000 	.word	0x00070000
100000d8:	005f0300 	.word	0x005f0300
100000dc:	00002221 	.word	0x00002221
100000e0:	180000f4 	.word	0x180000f4
100000e4:	a0002022 	.word	0xa0002022
100000e8:	10000100 	.word	0x10000100
100000ec:	e000ed08 	.word	0xe000ed08
	...
100000fc:	7a4eb274 	.word	0x7a4eb274

Disassembly of section .text:

10000100 <__VECTOR_TABLE>:
10000100:	20042000 	.word	0x20042000
10000104:	100001f7 	.word	0x100001f7
10000108:	100001cb 	.word	0x100001cb
1000010c:	100001cd 	.word	0x100001cd
10000110:	100001c9 	.word	0x100001c9
10000114:	100001c9 	.word	0x100001c9
10000118:	100001c9 	.word	0x100001c9
1000011c:	100001c9 	.word	0x100001c9
10000120:	100001c9 	.word	0x100001c9
10000124:	100001c9 	.word	0x100001c9
10000128:	100001c9 	.word	0x100001c9
1000012c:	100001cf 	.word	0x100001cf
10000130:	100001c9 	.word	0x100001c9
10000134:	100001c9 	.word	0x100001c9
10000138:	100001d1 	.word	0x100001d1
1000013c:	100001d3 	.word	0x100001d3
10000140:	100001c1 	.word	0x100001c1
10000144:	100001c1 	.word	0x100001c1
10000148:	100001c1 	.word	0x100001c1
1000014c:	100001c1 	.word	0x100001c1
10000150:	100001c1 	.word	0x100001c1
10000154:	100001c1 	.word	0x100001c1
10000158:	100001c1 	.word	0x100001c1
1000015c:	100001c1 	.word	0x100001c1
10000160:	100001c1 	.word	0x100001c1
10000164:	100001c1 	.word	0x100001c1
10000168:	100001c1 	.word	0x100001c1
1000016c:	100001c1 	.word	0x100001c1
10000170:	100001c1 	.word	0x100001c1
10000174:	100001c1 	.word	0x100001c1
10000178:	100001c1 	.word	0x100001c1
1000017c:	100001c1 	.word	0x100001c1
10000180:	100001c1 	.word	0x100001c1
10000184:	100001c1 	.word	0x100001c1
10000188:	100001c1 	.word	0x100001c1
1000018c:	100001c1 	.word	0x100001c1
10000190:	100001c1 	.word	0x100001c1
10000194:	1000044d 	.word	0x1000044d
10000198:	100001c1 	.word	0x100001c1
1000019c:	100001c1 	.word	0x100001c1
100001a0:	100001c1 	.word	0x100001c1
100001a4:	100001c1 	.word	0x100001c1
100001a8:	100001c1 	.word	0x100001c1
100001ac:	100001c1 	.word	0x100001c1
100001b0:	100001c1 	.word	0x100001c1
100001b4:	100001c1 	.word	0x100001c1
100001b8:	100001c1 	.word	0x100001c1
100001bc:	100001c1 	.word	0x100001c1

100001c0 <__unhandled_user_irq>:
100001c0:	f3ef 8005 	mrs	r0, IPSR
100001c4:	3810      	subs	r0, #16

100001c6 <unhandled_user_irq_num_in_r0>:
100001c6:	be00      	bkpt	0x0000

100001c8 <isr_invalid>:
100001c8:	be00      	bkpt	0x0000

100001ca <isr_nmi>:
100001ca:	be00      	bkpt	0x0000

100001cc <isr_hardfault>:
100001cc:	be00      	bkpt	0x0000

100001ce <isr_svcall>:
100001ce:	be00      	bkpt	0x0000

100001d0 <isr_pendsv>:
100001d0:	be00      	bkpt	0x0000

100001d2 <isr_systick>:
100001d2:	be00      	bkpt	0x0000

100001d4 <__default_isrs_end>:
100001d4:	7188ebf2 	.word	0x7188ebf2
100001d8:	100018dc 	.word	0x100018dc
100001dc:	100018fc 	.word	0x100018fc
100001e0:	10000238 	.word	0x10000238
100001e4:	e71aa390 	.word	0xe71aa390

100001e8 <_entry_point>:
100001e8:	2000      	movs	r0, #0

100001ea <_enter_vtable_in_r0>:
100001ea:	491e      	ldr	r1, [pc, #120]	@ (10000264 <data_cpy_table+0x2c>)
100001ec:	6008      	str	r0, [r1, #0]
100001ee:	c806      	ldmia	r0!, {r1, r2}
100001f0:	f381 8808 	msr	MSP, r1
100001f4:	4710      	bx	r2

100001f6 <_reset_handler>:
100001f6:	481c      	ldr	r0, [pc, #112]	@ (10000268 <data_cpy_table+0x30>)
100001f8:	6800      	ldr	r0, [r0, #0]
100001fa:	2800      	cmp	r0, #0
100001fc:	d001      	beq.n	10000202 <hold_non_core0_in_bootrom+0x4>

100001fe <hold_non_core0_in_bootrom>:
100001fe:	2000      	movs	r0, #0
10000200:	e7f3      	b.n	100001ea <_enter_vtable_in_r0>
10000202:	a40d      	add	r4, pc, #52	@ (adr r4, 10000238 <data_cpy_table>)
10000204:	cc0e      	ldmia	r4!, {r1, r2, r3}
10000206:	2900      	cmp	r1, #0
10000208:	d002      	beq.n	10000210 <hold_non_core0_in_bootrom+0x12>
1000020a:	f000 f812 	bl	10000232 <data_cpy>
1000020e:	e7f9      	b.n	10000204 <hold_non_core0_in_bootrom+0x6>
10000210:	4916      	ldr	r1, [pc, #88]	@ (1000026c <data_cpy_table+0x34>)
10000212:	4a17      	ldr	r2, [pc, #92]	@ (10000270 <data_cpy_table+0x38>)
10000214:	2000      	movs	r0, #0
10000216:	e000      	b.n	1000021a <bss_fill_test>

10000218 <bss_fill_loop>:
10000218:	c101      	stmia	r1!, {r0}

1000021a <bss_fill_test>:
1000021a:	4291      	cmp	r1, r2
1000021c:	d1fc      	bne.n	10000218 <bss_fill_loop>

1000021e <platform_entry>:
1000021e:	4915      	ldr	r1, [pc, #84]	@ (10000274 <data_cpy_table+0x3c>)
10000220:	4788      	blx	r1
10000222:	4915      	ldr	r1, [pc, #84]	@ (10000278 <data_cpy_table+0x40>)
10000224:	4788      	blx	r1
10000226:	4915      	ldr	r1, [pc, #84]	@ (1000027c <data_cpy_table+0x44>)
10000228:	4788      	blx	r1
1000022a:	be00      	bkpt	0x0000
1000022c:	e7fd      	b.n	1000022a <platform_entry+0xc>

1000022e <data_cpy_loop>:
1000022e:	c901      	ldmia	r1!, {r0}
10000230:	c201      	stmia	r2!, {r0}

10000232 <data_cpy>:
10000232:	429a      	cmp	r2, r3
10000234:	d3fb      	bcc.n	1000022e <data_cpy_loop>

10000236 <data_cpy_done>:
10000236:	4770      	bx	lr

10000238 <data_cpy_table>:
10000238:	100018fc 	.word	0x100018fc
1000023c:	200000c0 	.word	0x200000c0
10000240:	20000228 	.word	0x20000228
10000244:	10001a64 	.word	0x10001a64
10000248:	20040000 	.word	0x20040000
1000024c:	20040000 	.word	0x20040000
10000250:	10001a64 	.word	0x10001a64
10000254:	20041000 	.word	0x20041000
10000258:	20041000 	.word	0x20041000
1000025c:	00000000 	.word	0x00000000
10000260:	4770      	bx	lr
10000262:	0000      	.short	0x0000
10000264:	e000ed08 	.word	0xe000ed08
10000268:	d0000000 	.word	0xd0000000
1000026c:	20000228 	.word	0x20000228
10000270:	20000610 	.word	0x20000610
10000274:	10001491 	.word	0x10001491
10000278:	10000281 	.word	0x10000281
1000027c:	10001489 	.word	0x10001489

10000280 <main>:
10000280:	b5f0      	push	{r4, r5, r6, r7, lr}
10000282:	4657      	mov	r7, sl
10000284:	464e      	mov	r6, r9
10000286:	46de      	mov	lr, fp
10000288:	4645      	mov	r5, r8
1000028a:	2400      	movs	r4, #0
1000028c:	b5e0      	push	{r5, r6, r7, lr}
1000028e:	2702      	movs	r7, #2
10000290:	2643      	movs	r6, #67	@ 0x43
10000292:	2134      	movs	r1, #52	@ 0x34
10000294:	4b55      	ldr	r3, [pc, #340]	@ (100003ec <main+0x16c>)
10000296:	4a56      	ldr	r2, [pc, #344]	@ (100003f0 <main+0x170>)
10000298:	b089      	sub	sp, #36	@ 0x24
1000029a:	601c      	str	r4, [r3, #0]
1000029c:	6017      	str	r7, [r2, #0]
1000029e:	4a55      	ldr	r2, [pc, #340]	@ (100003f4 <main+0x174>)
100002a0:	4855      	ldr	r0, [pc, #340]	@ (100003f8 <main+0x178>)
100002a2:	6016      	str	r6, [r2, #0]
100002a4:	4a55      	ldr	r2, [pc, #340]	@ (100003fc <main+0x17c>)
100002a6:	6011      	str	r1, [r2, #0]
100002a8:	2270      	movs	r2, #112	@ 0x70
100002aa:	6002      	str	r2, [r0, #0]
100002ac:	2002      	movs	r0, #2
100002ae:	30ff      	adds	r0, #255	@ 0xff
100002b0:	6018      	str	r0, [r3, #0]
100002b2:	4b53      	ldr	r3, [pc, #332]	@ (10000400 <main+0x180>)
100002b4:	4853      	ldr	r0, [pc, #332]	@ (10000404 <main+0x184>)
100002b6:	601c      	str	r4, [r3, #0]
100002b8:	6007      	str	r7, [r0, #0]
100002ba:	4853      	ldr	r0, [pc, #332]	@ (10000408 <main+0x188>)
100002bc:	6006      	str	r6, [r0, #0]
100002be:	4853      	ldr	r0, [pc, #332]	@ (1000040c <main+0x18c>)
100002c0:	6001      	str	r1, [r0, #0]
100002c2:	4953      	ldr	r1, [pc, #332]	@ (10000410 <main+0x190>)
100002c4:	600a      	str	r2, [r1, #0]
100002c6:	2150      	movs	r1, #80	@ 0x50
100002c8:	4a52      	ldr	r2, [pc, #328]	@ (10000414 <main+0x194>)
100002ca:	601a      	str	r2, [r3, #0]
100002cc:	4a52      	ldr	r2, [pc, #328]	@ (10000418 <main+0x198>)
100002ce:	6813      	ldr	r3, [r2, #0]
100002d0:	430b      	orrs	r3, r1
100002d2:	6013      	str	r3, [r2, #0]
100002d4:	2380      	movs	r3, #128	@ 0x80
100002d6:	4a51      	ldr	r2, [pc, #324]	@ (1000041c <main+0x19c>)
100002d8:	039b      	lsls	r3, r3, #14
100002da:	6811      	ldr	r1, [r2, #0]
100002dc:	430b      	orrs	r3, r1
100002de:	6013      	str	r3, [r2, #0]
100002e0:	2205      	movs	r2, #5
100002e2:	4b4f      	ldr	r3, [pc, #316]	@ (10000420 <main+0x1a0>)
100002e4:	601a      	str	r2, [r3, #0]
100002e6:	2380      	movs	r3, #128	@ 0x80
100002e8:	4a4e      	ldr	r2, [pc, #312]	@ (10000424 <main+0x1a4>)
100002ea:	049b      	lsls	r3, r3, #18
100002ec:	6811      	ldr	r1, [r2, #0]
100002ee:	430b      	orrs	r3, r1
100002f0:	6013      	str	r3, [r2, #0]
100002f2:	b662      	cpsie	i
100002f4:	ab04      	add	r3, sp, #16
100002f6:	469c      	mov	ip, r3
100002f8:	4b4b      	ldr	r3, [pc, #300]	@ (10000428 <main+0x1a8>)
100002fa:	2048      	movs	r0, #72	@ 0x48
100002fc:	681a      	ldr	r2, [r3, #0]
100002fe:	371e      	adds	r7, #30
10000300:	9204      	str	r2, [sp, #16]
10000302:	4662      	mov	r2, ip
10000304:	889b      	ldrh	r3, [r3, #4]
10000306:	8093      	strh	r3, [r2, #4]
10000308:	4b48      	ldr	r3, [pc, #288]	@ (1000042c <main+0x1ac>)
1000030a:	4a49      	ldr	r2, [pc, #292]	@ (10000430 <main+0x1b0>)
1000030c:	681b      	ldr	r3, [r3, #0]
1000030e:	469b      	mov	fp, r3
10000310:	ab06      	add	r3, sp, #24
10000312:	469a      	mov	sl, r3
10000314:	4b47      	ldr	r3, [pc, #284]	@ (10000434 <main+0x1b4>)
10000316:	4698      	mov	r8, r3
10000318:	4b47      	ldr	r3, [pc, #284]	@ (10000438 <main+0x1b8>)
1000031a:	4948      	ldr	r1, [pc, #288]	@ (1000043c <main+0x1bc>)
1000031c:	4666      	mov	r6, ip
1000031e:	2800      	cmp	r0, #0
10000320:	d009      	beq.n	10000336 <main+0xb6>
10000322:	4c47      	ldr	r4, [pc, #284]	@ (10000440 <main+0x1c0>)
10000324:	6825      	ldr	r5, [r4, #0]
10000326:	422f      	tst	r7, r5
10000328:	d1fb      	bne.n	10000322 <main+0xa2>
1000032a:	4644      	mov	r4, r8
1000032c:	3601      	adds	r6, #1
1000032e:	6020      	str	r0, [r4, #0]
10000330:	7830      	ldrb	r0, [r6, #0]
10000332:	2800      	cmp	r0, #0
10000334:	d1f5      	bne.n	10000322 <main+0xa2>
10000336:	6818      	ldr	r0, [r3, #0]
10000338:	680e      	ldr	r6, [r1, #0]
1000033a:	681d      	ldr	r5, [r3, #0]
1000033c:	42a8      	cmp	r0, r5
1000033e:	d1fa      	bne.n	10000336 <main+0xb6>
10000340:	46b9      	mov	r9, r7
10000342:	9602      	str	r6, [sp, #8]
10000344:	9003      	str	r0, [sp, #12]
10000346:	6818      	ldr	r0, [r3, #0]
10000348:	680e      	ldr	r6, [r1, #0]
1000034a:	681d      	ldr	r5, [r3, #0]
1000034c:	42a8      	cmp	r0, r5
1000034e:	d1fa      	bne.n	10000346 <main+0xc6>
10000350:	9c02      	ldr	r4, [sp, #8]
10000352:	9d03      	ldr	r5, [sp, #12]
10000354:	9600      	str	r6, [sp, #0]
10000356:	9001      	str	r0, [sp, #4]
10000358:	9e00      	ldr	r6, [sp, #0]
1000035a:	9f01      	ldr	r7, [sp, #4]
1000035c:	1b36      	subs	r6, r6, r4
1000035e:	41af      	sbcs	r7, r5
10000360:	2f00      	cmp	r7, #0
10000362:	d102      	bne.n	1000036a <main+0xea>
10000364:	4837      	ldr	r0, [pc, #220]	@ (10000444 <main+0x1c4>)
10000366:	4286      	cmp	r6, r0
10000368:	d9ed      	bls.n	10000346 <main+0xc6>
1000036a:	465d      	mov	r5, fp
1000036c:	4650      	mov	r0, sl
1000036e:	464f      	mov	r7, r9
10000370:	1946      	adds	r6, r0, r5
10000372:	7c50      	ldrb	r0, [r2, #17]
10000374:	4681      	mov	r9, r0
10000376:	7c10      	ldrb	r0, [r2, #16]
10000378:	4581      	cmp	r9, r0
1000037a:	d025      	beq.n	100003c8 <main+0x148>
1000037c:	7c50      	ldrb	r0, [r2, #17]
1000037e:	240f      	movs	r4, #15
10000380:	b2c0      	uxtb	r0, r0
10000382:	5c10      	ldrb	r0, [r2, r0]
10000384:	3501      	adds	r5, #1
10000386:	4681      	mov	r9, r0
10000388:	7c50      	ldrb	r0, [r2, #17]
1000038a:	3001      	adds	r0, #1
1000038c:	4020      	ands	r0, r4
1000038e:	7450      	strb	r0, [r2, #17]
10000390:	4648      	mov	r0, r9
10000392:	7030      	strb	r0, [r6, #0]
10000394:	3601      	adds	r6, #1
10000396:	2d05      	cmp	r5, #5
10000398:	d1eb      	bne.n	10000372 <main+0xf2>
1000039a:	2300      	movs	r3, #0
1000039c:	4651      	mov	r1, sl
1000039e:	714b      	strb	r3, [r1, #5]
100003a0:	4663      	mov	r3, ip
100003a2:	7818      	ldrb	r0, [r3, #0]
100003a4:	4666      	mov	r6, ip
100003a6:	1e05      	subs	r5, r0, #0
100003a8:	4653      	mov	r3, sl
100003aa:	d107      	bne.n	100003bc <main+0x13c>
100003ac:	e010      	b.n	100003d0 <main+0x150>
100003ae:	428d      	cmp	r5, r1
100003b0:	d107      	bne.n	100003c2 <main+0x142>
100003b2:	7875      	ldrb	r5, [r6, #1]
100003b4:	3601      	adds	r6, #1
100003b6:	3301      	adds	r3, #1
100003b8:	2d00      	cmp	r5, #0
100003ba:	d009      	beq.n	100003d0 <main+0x150>
100003bc:	7819      	ldrb	r1, [r3, #0]
100003be:	2900      	cmp	r1, #0
100003c0:	d1f5      	bne.n	100003ae <main+0x12e>
100003c2:	2300      	movs	r3, #0
100003c4:	469b      	mov	fp, r3
100003c6:	e7a7      	b.n	10000318 <main+0x98>
100003c8:	4660      	mov	r0, ip
100003ca:	46ab      	mov	fp, r5
100003cc:	7800      	ldrb	r0, [r0, #0]
100003ce:	e7a5      	b.n	1000031c <main+0x9c>
100003d0:	781b      	ldrb	r3, [r3, #0]
100003d2:	2b00      	cmp	r3, #0
100003d4:	d1f5      	bne.n	100003c2 <main+0x142>
100003d6:	2380      	movs	r3, #128	@ 0x80
100003d8:	491b      	ldr	r1, [pc, #108]	@ (10000448 <main+0x1c8>)
100003da:	049b      	lsls	r3, r3, #18
100003dc:	6808      	ldr	r0, [r1, #0]
100003de:	4043      	eors	r3, r0
100003e0:	600b      	str	r3, [r1, #0]
100003e2:	4663      	mov	r3, ip
100003e4:	7818      	ldrb	r0, [r3, #0]
100003e6:	2300      	movs	r3, #0
100003e8:	469b      	mov	fp, r3
100003ea:	e795      	b.n	10000318 <main+0x98>
100003ec:	40034030 	.word	0x40034030
100003f0:	40014004 	.word	0x40014004
100003f4:	40034024 	.word	0x40034024
100003f8:	4003402c 	.word	0x4003402c
100003fc:	40034028 	.word	0x40034028
10000400:	40038030 	.word	0x40038030
10000404:	4001402c 	.word	0x4001402c
10000408:	40038024 	.word	0x40038024
1000040c:	40038028 	.word	0x40038028
10000410:	4003802c 	.word	0x4003802c
10000414:	00000201 	.word	0x00000201
10000418:	40038038 	.word	0x40038038
1000041c:	e000e100 	.word	0xe000e100
10000420:	400140cc 	.word	0x400140cc
10000424:	d0000020 	.word	0xd0000020
10000428:	100017ec 	.word	0x100017ec
1000042c:	200005dc 	.word	0x200005dc
10000430:	200005fc 	.word	0x200005fc
10000434:	40034000 	.word	0x40034000
10000438:	40054008 	.word	0x40054008
1000043c:	4005400c 	.word	0x4005400c
10000440:	40034018 	.word	0x40034018
10000444:	0007a11f 	.word	0x0007a11f
10000448:	d0000010 	.word	0xd0000010

1000044c <isr_irq21>:
1000044c:	b5f0      	push	{r4, r5, r6, r7, lr}
1000044e:	2410      	movs	r4, #16
10000450:	260f      	movs	r6, #15
10000452:	4d0c      	ldr	r5, [pc, #48]	@ (10000484 <isr_irq21+0x38>)
10000454:	4f0c      	ldr	r7, [pc, #48]	@ (10000488 <isr_irq21+0x3c>)
10000456:	4a0d      	ldr	r2, [pc, #52]	@ (1000048c <isr_irq21+0x40>)
10000458:	682b      	ldr	r3, [r5, #0]
1000045a:	421c      	tst	r4, r3
1000045c:	d10d      	bne.n	1000047a <isr_irq21+0x2e>
1000045e:	6839      	ldr	r1, [r7, #0]
10000460:	7c13      	ldrb	r3, [r2, #16]
10000462:	7c50      	ldrb	r0, [r2, #17]
10000464:	3301      	adds	r3, #1
10000466:	4033      	ands	r3, r6
10000468:	4283      	cmp	r3, r0
1000046a:	d0f5      	beq.n	10000458 <isr_irq21+0xc>
1000046c:	7c10      	ldrb	r0, [r2, #16]
1000046e:	b2c0      	uxtb	r0, r0
10000470:	5411      	strb	r1, [r2, r0]
10000472:	7413      	strb	r3, [r2, #16]
10000474:	682b      	ldr	r3, [r5, #0]
10000476:	421c      	tst	r4, r3
10000478:	d0f1      	beq.n	1000045e <isr_irq21+0x12>
1000047a:	2250      	movs	r2, #80	@ 0x50
1000047c:	4b04      	ldr	r3, [pc, #16]	@ (10000490 <isr_irq21+0x44>)
1000047e:	601a      	str	r2, [r3, #0]
10000480:	bdf0      	pop	{r4, r5, r6, r7, pc}
10000482:	46c0      	nop			@ (mov r8, r8)
10000484:	40038018 	.word	0x40038018
10000488:	40038000 	.word	0x40038000
1000048c:	200005fc 	.word	0x200005fc
10000490:	40038044 	.word	0x40038044

10000494 <panic>:
10000494:	b40f      	push	{r0, r1, r2, r3}
10000496:	b500      	push	{lr}
10000498:	4808      	ldr	r0, [pc, #32]	@ (100004bc <panic+0x28>)
1000049a:	b083      	sub	sp, #12
1000049c:	f001 f922 	bl	100016e4 <__wrap_puts>
100004a0:	9b04      	ldr	r3, [sp, #16]
100004a2:	2b00      	cmp	r3, #0
100004a4:	d007      	beq.n	100004b6 <panic+0x22>
100004a6:	a905      	add	r1, sp, #20
100004a8:	0018      	movs	r0, r3
100004aa:	9101      	str	r1, [sp, #4]
100004ac:	f000 ffd0 	bl	10001450 <weak_raw_vprintf>
100004b0:	4803      	ldr	r0, [pc, #12]	@ (100004c0 <panic+0x2c>)
100004b2:	f001 f917 	bl	100016e4 <__wrap_puts>
100004b6:	2001      	movs	r0, #1
100004b8:	f000 ffe2 	bl	10001480 <_exit>
100004bc:	100017f4 	.word	0x100017f4
100004c0:	1000185c 	.word	0x1000185c

100004c4 <hw_claim_or_assert>:
100004c4:	b570      	push	{r4, r5, r6, lr}
100004c6:	468c      	mov	ip, r1
100004c8:	0016      	movs	r6, r2
100004ca:	f3ef 8410 	mrs	r4, PRIMASK
100004ce:	b672      	cpsid	i
100004d0:	490f      	ldr	r1, [pc, #60]	@ (10000510 <hw_claim_or_assert+0x4c>)
100004d2:	680b      	ldr	r3, [r1, #0]
100004d4:	2b00      	cmp	r3, #0
100004d6:	d0fc      	beq.n	100004d2 <hw_claim_or_assert+0xe>
100004d8:	f3bf 8f5f 	dmb	sy
100004dc:	4663      	mov	r3, ip
100004de:	08db      	lsrs	r3, r3, #3
100004e0:	18c5      	adds	r5, r0, r3
100004e2:	2207      	movs	r2, #7
100004e4:	5cc0      	ldrb	r0, [r0, r3]
100004e6:	4663      	mov	r3, ip
100004e8:	401a      	ands	r2, r3
100004ea:	2301      	movs	r3, #1
100004ec:	4093      	lsls	r3, r2
100004ee:	001a      	movs	r2, r3
100004f0:	4002      	ands	r2, r0
100004f2:	4203      	tst	r3, r0
100004f4:	d107      	bne.n	10000506 <hw_claim_or_assert+0x42>
100004f6:	4318      	orrs	r0, r3
100004f8:	7028      	strb	r0, [r5, #0]
100004fa:	f3bf 8f5f 	dmb	sy
100004fe:	600a      	str	r2, [r1, #0]
10000500:	f384 8810 	msr	PRIMASK, r4
10000504:	bd70      	pop	{r4, r5, r6, pc}
10000506:	4661      	mov	r1, ip
10000508:	0030      	movs	r0, r6
1000050a:	f7ff ffc3 	bl	10000494 <panic>
1000050e:	46c0      	nop			@ (mov r8, r8)
10000510:	d000012c 	.word	0xd000012c

10000514 <next_striped_spin_lock_num>:
10000514:	4a04      	ldr	r2, [pc, #16]	@ (10000528 <next_striped_spin_lock_num+0x14>)
10000516:	7810      	ldrb	r0, [r2, #0]
10000518:	1c43      	adds	r3, r0, #1
1000051a:	b2db      	uxtb	r3, r3
1000051c:	2b17      	cmp	r3, #23
1000051e:	d900      	bls.n	10000522 <next_striped_spin_lock_num+0xe>
10000520:	2310      	movs	r3, #16
10000522:	7013      	strb	r3, [r2, #0]
10000524:	4770      	bx	lr
10000526:	46c0      	nop			@ (mov r8, r8)
10000528:	200001d8 	.word	0x200001d8

1000052c <spin_locks_reset>:
1000052c:	2100      	movs	r1, #0
1000052e:	4b04      	ldr	r3, [pc, #16]	@ (10000540 <spin_locks_reset+0x14>)
10000530:	4a04      	ldr	r2, [pc, #16]	@ (10000544 <spin_locks_reset+0x18>)
10000532:	f3bf 8f5f 	dmb	sy
10000536:	c302      	stmia	r3!, {r1}
10000538:	4293      	cmp	r3, r2
1000053a:	d1fa      	bne.n	10000532 <spin_locks_reset+0x6>
1000053c:	4770      	bx	lr
1000053e:	46c0      	nop			@ (mov r8, r8)
10000540:	d0000100 	.word	0xd0000100
10000544:	d0000180 	.word	0xd0000180

10000548 <runtime_init_per_core_irq_priorities>:
10000548:	4b08      	ldr	r3, [pc, #32]	@ (1000056c <runtime_init_per_core_irq_priorities+0x24>)
1000054a:	4a09      	ldr	r2, [pc, #36]	@ (10000570 <runtime_init_per_core_irq_priorities+0x28>)
1000054c:	6013      	str	r3, [r2, #0]
1000054e:	4a09      	ldr	r2, [pc, #36]	@ (10000574 <runtime_init_per_core_irq_priorities+0x2c>)
10000550:	6013      	str	r3, [r2, #0]
10000552:	4a09      	ldr	r2, [pc, #36]	@ (10000578 <runtime_init_per_core_irq_priorities+0x30>)
10000554:	6013      	str	r3, [r2, #0]
10000556:	4a09      	ldr	r2, [pc, #36]	@ (1000057c <runtime_init_per_core_irq_priorities+0x34>)
10000558:	6013      	str	r3, [r2, #0]
1000055a:	4a09      	ldr	r2, [pc, #36]	@ (10000580 <runtime_init_per_core_irq_priorities+0x38>)
1000055c:	6013      	str	r3, [r2, #0]
1000055e:	4a09      	ldr	r2, [pc, #36]	@ (10000584 <runtime_init_per_core_irq_priorities+0x3c>)
10000560:	6013      	str	r3, [r2, #0]
10000562:	4a09      	ldr	r2, [pc, #36]	@ (10000588 <runtime_init_per_core_irq_priorities+0x40>)
10000564:	6013      	str	r3, [r2, #0]
10000566:	4a09      	ldr	r2, [pc, #36]	@ (1000058c <runtime_init_per_core_irq_priorities+0x44>)
10000568:	6013      	str	r3, [r2, #0]
1000056a:	4770      	bx	lr
1000056c:	80808080 	.word	0x80808080
10000570:	e000e400 	.word	0xe000e400
10000574:	e000e404 	.word	0xe000e404
10000578:	e000e408 	.word	0xe000e408
1000057c:	e000e40c 	.word	0xe000e40c
10000580:	e000e410 	.word	0xe000e410
10000584:	e000e414 	.word	0xe000e414
10000588:	e000e418 	.word	0xe000e418
1000058c:	e000e41c 	.word	0xe000e41c

10000590 <irq_set_enabled>:
10000590:	231f      	movs	r3, #31
10000592:	4018      	ands	r0, r3
10000594:	3b1e      	subs	r3, #30
10000596:	4083      	lsls	r3, r0
10000598:	2900      	cmp	r1, #0
1000059a:	d005      	beq.n	100005a8 <irq_set_enabled+0x18>
1000059c:	21c0      	movs	r1, #192	@ 0xc0
1000059e:	4a04      	ldr	r2, [pc, #16]	@ (100005b0 <irq_set_enabled+0x20>)
100005a0:	0049      	lsls	r1, r1, #1
100005a2:	5053      	str	r3, [r2, r1]
100005a4:	6013      	str	r3, [r2, #0]
100005a6:	4770      	bx	lr
100005a8:	2280      	movs	r2, #128	@ 0x80
100005aa:	4901      	ldr	r1, [pc, #4]	@ (100005b0 <irq_set_enabled+0x20>)
100005ac:	508b      	str	r3, [r1, r2]
100005ae:	e7fa      	b.n	100005a6 <irq_set_enabled+0x16>
100005b0:	e000e100 	.word	0xe000e100

100005b4 <irq_set_exclusive_handler>:
100005b4:	b510      	push	{r4, lr}
100005b6:	f3ef 8c10 	mrs	ip, PRIMASK
100005ba:	b672      	cpsid	i
100005bc:	4a0f      	ldr	r2, [pc, #60]	@ (100005fc <irq_set_exclusive_handler+0x48>)
100005be:	6813      	ldr	r3, [r2, #0]
100005c0:	2b00      	cmp	r3, #0
100005c2:	d0fc      	beq.n	100005be <irq_set_exclusive_handler+0xa>
100005c4:	f3bf 8f5f 	dmb	sy
100005c8:	4b0d      	ldr	r3, [pc, #52]	@ (10000600 <irq_set_exclusive_handler+0x4c>)
100005ca:	3010      	adds	r0, #16
100005cc:	689b      	ldr	r3, [r3, #8]
100005ce:	0080      	lsls	r0, r0, #2
100005d0:	581b      	ldr	r3, [r3, r0]
100005d2:	4a0c      	ldr	r2, [pc, #48]	@ (10000604 <irq_set_exclusive_handler+0x50>)
100005d4:	4293      	cmp	r3, r2
100005d6:	d001      	beq.n	100005dc <irq_set_exclusive_handler+0x28>
100005d8:	4299      	cmp	r1, r3
100005da:	d10c      	bne.n	100005f6 <irq_set_exclusive_handler+0x42>
100005dc:	4b08      	ldr	r3, [pc, #32]	@ (10000600 <irq_set_exclusive_handler+0x4c>)
100005de:	689b      	ldr	r3, [r3, #8]
100005e0:	5019      	str	r1, [r3, r0]
100005e2:	f3bf 8f5f 	dmb	sy
100005e6:	f3bf 8f5f 	dmb	sy
100005ea:	2200      	movs	r2, #0
100005ec:	4b03      	ldr	r3, [pc, #12]	@ (100005fc <irq_set_exclusive_handler+0x48>)
100005ee:	601a      	str	r2, [r3, #0]
100005f0:	f38c 8810 	msr	PRIMASK, ip
100005f4:	bd10      	pop	{r4, pc}
100005f6:	f000 fd13 	bl	10001020 <hard_assertion_failure>
100005fa:	46c0      	nop			@ (mov r8, r8)
100005fc:	d0000124 	.word	0xd0000124
10000600:	e000ed00 	.word	0xe000ed00
10000604:	100001c1 	.word	0x100001c1

10000608 <lock_init>:
10000608:	4b02      	ldr	r3, [pc, #8]	@ (10000614 <lock_init+0xc>)
1000060a:	18c9      	adds	r1, r1, r3
1000060c:	0089      	lsls	r1, r1, #2
1000060e:	6001      	str	r1, [r0, #0]
10000610:	4770      	bx	lr
10000612:	46c0      	nop			@ (mov r8, r8)
10000614:	34000040 	.word	0x34000040

10000618 <runtime_init_mutex>:
10000618:	b570      	push	{r4, r5, r6, lr}
1000061a:	4c11      	ldr	r4, [pc, #68]	@ (10000660 <runtime_init_mutex+0x48>)
1000061c:	4d11      	ldr	r5, [pc, #68]	@ (10000664 <runtime_init_mutex+0x4c>)
1000061e:	42ac      	cmp	r4, r5
10000620:	d20f      	bcs.n	10000642 <runtime_init_mutex+0x2a>
10000622:	26ff      	movs	r6, #255	@ 0xff
10000624:	6823      	ldr	r3, [r4, #0]
10000626:	2b00      	cmp	r3, #0
10000628:	d00c      	beq.n	10000644 <runtime_init_mutex+0x2c>
1000062a:	f7ff ff73 	bl	10000514 <next_striped_spin_lock_num>
1000062e:	0001      	movs	r1, r0
10000630:	0020      	movs	r0, r4
10000632:	f7ff ffe9 	bl	10000608 <lock_init>
10000636:	80a6      	strh	r6, [r4, #4]
10000638:	f3bf 8f5f 	dmb	sy
1000063c:	3408      	adds	r4, #8
1000063e:	42ac      	cmp	r4, r5
10000640:	d3f0      	bcc.n	10000624 <runtime_init_mutex+0xc>
10000642:	bd70      	pop	{r4, r5, r6, pc}
10000644:	f7ff ff66 	bl	10000514 <next_striped_spin_lock_num>
10000648:	0001      	movs	r1, r0
1000064a:	0020      	movs	r0, r4
1000064c:	f7ff ffdc 	bl	10000608 <lock_init>
10000650:	7126      	strb	r6, [r4, #4]
10000652:	f3bf 8f5f 	dmb	sy
10000656:	3408      	adds	r4, #8
10000658:	42ac      	cmp	r4, r5
1000065a:	d3e3      	bcc.n	10000624 <runtime_init_mutex+0xc>
1000065c:	e7f1      	b.n	10000642 <runtime_init_mutex+0x2a>
1000065e:	46c0      	nop			@ (mov r8, r8)
10000660:	20000220 	.word	0x20000220
10000664:	20000228 	.word	0x20000228

10000668 <sleep_until_callback>:
10000668:	4b0a      	ldr	r3, [pc, #40]	@ (10000694 <sleep_until_callback+0x2c>)
1000066a:	6819      	ldr	r1, [r3, #0]
1000066c:	f3ef 8010 	mrs	r0, PRIMASK
10000670:	b672      	cpsid	i
10000672:	680a      	ldr	r2, [r1, #0]
10000674:	2a00      	cmp	r2, #0
10000676:	d0fc      	beq.n	10000672 <sleep_until_callback+0xa>
10000678:	f3bf 8f5f 	dmb	sy
1000067c:	681b      	ldr	r3, [r3, #0]
1000067e:	f3bf 8f5f 	dmb	sy
10000682:	2200      	movs	r2, #0
10000684:	601a      	str	r2, [r3, #0]
10000686:	f380 8810 	msr	PRIMASK, r0
1000068a:	bf40      	sev
1000068c:	2000      	movs	r0, #0
1000068e:	2100      	movs	r1, #0
10000690:	4770      	bx	lr
10000692:	46c0      	nop			@ (mov r8, r8)
10000694:	200005f8 	.word	0x200005f8

10000698 <alarm_pool_irq_handler>:
10000698:	b5f0      	push	{r4, r5, r6, r7, lr}
1000069a:	46de      	mov	lr, fp
1000069c:	4657      	mov	r7, sl
1000069e:	464e      	mov	r6, r9
100006a0:	4645      	mov	r5, r8
100006a2:	b5e0      	push	{r5, r6, r7, lr}
100006a4:	b085      	sub	sp, #20
100006a6:	f3ef 8305 	mrs	r3, IPSR
100006aa:	2203      	movs	r2, #3
100006ac:	401a      	ands	r2, r3
100006ae:	4bb3      	ldr	r3, [pc, #716]	@ (1000097c <alarm_pool_irq_handler+0x2e4>)
100006b0:	0091      	lsls	r1, r2, #2
100006b2:	585f      	ldr	r7, [r3, r1]
100006b4:	2301      	movs	r3, #1
100006b6:	4093      	lsls	r3, r2
100006b8:	469b      	mov	fp, r3
100006ba:	9202      	str	r2, [sp, #8]
100006bc:	465a      	mov	r2, fp
100006be:	4688      	mov	r8, r1
100006c0:	4baf      	ldr	r3, [pc, #700]	@ (10000980 <alarm_pool_irq_handler+0x2e8>)
100006c2:	601a      	str	r2, [r3, #0]
100006c4:	4baf      	ldr	r3, [pc, #700]	@ (10000984 <alarm_pool_irq_handler+0x2ec>)
100006c6:	9303      	str	r3, [sp, #12]
100006c8:	465b      	mov	r3, fp
100006ca:	48af      	ldr	r0, [pc, #700]	@ (10000988 <alarm_pool_irq_handler+0x2f0>)
100006cc:	6343      	str	r3, [r0, #52]	@ 0x34
100006ce:	2308      	movs	r3, #8
100006d0:	5efe      	ldrsh	r6, [r7, r3]
100006d2:	2e00      	cmp	r6, #0
100006d4:	da37      	bge.n	10000746 <alarm_pool_irq_handler+0xae>
100006d6:	88bb      	ldrh	r3, [r7, #4]
100006d8:	b21b      	sxth	r3, r3
100006da:	2b00      	cmp	r3, #0
100006dc:	db00      	blt.n	100006e0 <alarm_pool_irq_handler+0x48>
100006de:	e0a4      	b.n	1000082a <alarm_pool_irq_handler+0x192>
100006e0:	79bb      	ldrb	r3, [r7, #6]
100006e2:	2b00      	cmp	r3, #0
100006e4:	d000      	beq.n	100006e8 <alarm_pool_irq_handler+0x50>
100006e6:	e0e5      	b.n	100008b4 <alarm_pool_irq_handler+0x21c>
100006e8:	2308      	movs	r3, #8
100006ea:	5ef9      	ldrsh	r1, [r7, r3]
100006ec:	2900      	cmp	r1, #0
100006ee:	db20      	blt.n	10000732 <alarm_pool_irq_handler+0x9a>
100006f0:	004b      	lsls	r3, r1, #1
100006f2:	697a      	ldr	r2, [r7, #20]
100006f4:	185b      	adds	r3, r3, r1
100006f6:	00db      	lsls	r3, r3, #3
100006f8:	18d3      	adds	r3, r2, r3
100006fa:	689d      	ldr	r5, [r3, #8]
100006fc:	68dc      	ldr	r4, [r3, #12]
100006fe:	1c6b      	adds	r3, r5, #1
10000700:	d100      	bne.n	10000704 <alarm_pool_irq_handler+0x6c>
10000702:	e104      	b.n	1000090e <alarm_pool_irq_handler+0x276>
10000704:	48a0      	ldr	r0, [pc, #640]	@ (10000988 <alarm_pool_irq_handler+0x2f0>)
10000706:	0001      	movs	r1, r0
10000708:	4441      	add	r1, r8
1000070a:	6a82      	ldr	r2, [r0, #40]	@ 0x28
1000070c:	690b      	ldr	r3, [r1, #16]
1000070e:	1aae      	subs	r6, r5, r2
10000710:	1a9b      	subs	r3, r3, r2
10000712:	429e      	cmp	r6, r3
10000714:	d315      	bcc.n	10000742 <alarm_pool_irq_handler+0xaa>
10000716:	2301      	movs	r3, #1
10000718:	6a02      	ldr	r2, [r0, #32]
1000071a:	9802      	ldr	r0, [sp, #8]
1000071c:	4083      	lsls	r3, r0
1000071e:	421a      	tst	r2, r3
10000720:	d00f      	beq.n	10000742 <alarm_pool_irq_handler+0xaa>
10000722:	4899      	ldr	r0, [pc, #612]	@ (10000988 <alarm_pool_irq_handler+0x2f0>)
10000724:	f000 fad6 	bl	10000cd4 <timer_time_us_64>
10000728:	428c      	cmp	r4, r1
1000072a:	dc02      	bgt.n	10000732 <alarm_pool_irq_handler+0x9a>
1000072c:	d1cc      	bne.n	100006c8 <alarm_pool_irq_handler+0x30>
1000072e:	4285      	cmp	r5, r0
10000730:	d9ca      	bls.n	100006c8 <alarm_pool_irq_handler+0x30>
10000732:	bf40      	sev
10000734:	b005      	add	sp, #20
10000736:	bcf0      	pop	{r4, r5, r6, r7}
10000738:	46bb      	mov	fp, r7
1000073a:	46b2      	mov	sl, r6
1000073c:	46a9      	mov	r9, r5
1000073e:	46a0      	mov	r8, r4
10000740:	bdf0      	pop	{r4, r5, r6, r7, pc}
10000742:	610d      	str	r5, [r1, #16]
10000744:	e7ed      	b.n	10000722 <alarm_pool_irq_handler+0x8a>
10000746:	697a      	ldr	r2, [r7, #20]
10000748:	0073      	lsls	r3, r6, #1
1000074a:	4691      	mov	r9, r2
1000074c:	199b      	adds	r3, r3, r6
1000074e:	00db      	lsls	r3, r3, #3
10000750:	4499      	add	r9, r3
10000752:	464b      	mov	r3, r9
10000754:	689c      	ldr	r4, [r3, #8]
10000756:	68dd      	ldr	r5, [r3, #12]
10000758:	f000 fabc 	bl	10000cd4 <timer_time_us_64>
1000075c:	428d      	cmp	r5, r1
1000075e:	dcba      	bgt.n	100006d6 <alarm_pool_irq_handler+0x3e>
10000760:	d100      	bne.n	10000764 <alarm_pool_irq_handler+0xcc>
10000762:	e0f6      	b.n	10000952 <alarm_pool_irq_handler+0x2ba>
10000764:	2d00      	cmp	r5, #0
10000766:	da00      	bge.n	1000076a <alarm_pool_irq_handler+0xd2>
10000768:	e0db      	b.n	10000922 <alarm_pool_irq_handler+0x28a>
1000076a:	464a      	mov	r2, r9
1000076c:	464b      	mov	r3, r9
1000076e:	6952      	ldr	r2, [r2, #20]
10000770:	691b      	ldr	r3, [r3, #16]
10000772:	4692      	mov	sl, r2
10000774:	9a03      	ldr	r2, [sp, #12]
10000776:	4293      	cmp	r3, r2
10000778:	d100      	bne.n	1000077c <alarm_pool_irq_handler+0xe4>
1000077a:	e0cc      	b.n	10000916 <alarm_pool_irq_handler+0x27e>
1000077c:	464a      	mov	r2, r9
1000077e:	2108      	movs	r1, #8
10000780:	5e78      	ldrsh	r0, [r7, r1]
10000782:	8852      	ldrh	r2, [r2, #2]
10000784:	0400      	lsls	r0, r0, #16
10000786:	4651      	mov	r1, sl
10000788:	4310      	orrs	r0, r2
1000078a:	4798      	blx	r3
1000078c:	9000      	str	r0, [sp, #0]
1000078e:	9101      	str	r1, [sp, #4]
10000790:	9900      	ldr	r1, [sp, #0]
10000792:	9a01      	ldr	r2, [sp, #4]
10000794:	000b      	movs	r3, r1
10000796:	4313      	orrs	r3, r2
10000798:	d100      	bne.n	1000079c <alarm_pool_irq_handler+0x104>
1000079a:	e0c2      	b.n	10000922 <alarm_pool_irq_handler+0x28a>
1000079c:	0013      	movs	r3, r2
1000079e:	000a      	movs	r2, r1
100007a0:	2b00      	cmp	r3, #0
100007a2:	db00      	blt.n	100007a6 <alarm_pool_irq_handler+0x10e>
100007a4:	e0d9      	b.n	1000095a <alarm_pool_irq_handler+0x2c2>
100007a6:	0020      	movs	r0, r4
100007a8:	0029      	movs	r1, r5
100007aa:	1a80      	subs	r0, r0, r2
100007ac:	4199      	sbcs	r1, r3
100007ae:	464b      	mov	r3, r9
100007b0:	6098      	str	r0, [r3, #8]
100007b2:	60d9      	str	r1, [r3, #12]
100007b4:	2200      	movs	r2, #0
100007b6:	5e9b      	ldrsh	r3, [r3, r2]
100007b8:	2b00      	cmp	r3, #0
100007ba:	da00      	bge.n	100007be <alarm_pool_irq_handler+0x126>
100007bc:	e78b      	b.n	100006d6 <alarm_pool_irq_handler+0x3e>
100007be:	005d      	lsls	r5, r3, #1
100007c0:	697c      	ldr	r4, [r7, #20]
100007c2:	18ea      	adds	r2, r5, r3
100007c4:	00d2      	lsls	r2, r2, #3
100007c6:	18a2      	adds	r2, r4, r2
100007c8:	9400      	str	r4, [sp, #0]
100007ca:	6894      	ldr	r4, [r2, #8]
100007cc:	68d2      	ldr	r2, [r2, #12]
100007ce:	46a2      	mov	sl, r4
100007d0:	428a      	cmp	r2, r1
100007d2:	dd00      	ble.n	100007d6 <alarm_pool_irq_handler+0x13e>
100007d4:	e77f      	b.n	100006d6 <alarm_pool_irq_handler+0x3e>
100007d6:	d102      	bne.n	100007de <alarm_pool_irq_handler+0x146>
100007d8:	4284      	cmp	r4, r0
100007da:	d900      	bls.n	100007de <alarm_pool_irq_handler+0x146>
100007dc:	e77b      	b.n	100006d6 <alarm_pool_irq_handler+0x3e>
100007de:	2408      	movs	r4, #8
100007e0:	46a4      	mov	ip, r4
100007e2:	813b      	strh	r3, [r7, #8]
100007e4:	44bc      	add	ip, r7
100007e6:	9c00      	ldr	r4, [sp, #0]
100007e8:	9700      	str	r7, [sp, #0]
100007ea:	002f      	movs	r7, r5
100007ec:	4665      	mov	r5, ip
100007ee:	46b4      	mov	ip, r6
100007f0:	003e      	movs	r6, r7
100007f2:	e006      	b.n	10000802 <alarm_pool_irq_handler+0x16a>
100007f4:	005e      	lsls	r6, r3, #1
100007f6:	18f2      	adds	r2, r6, r3
100007f8:	00d2      	lsls	r2, r2, #3
100007fa:	18a2      	adds	r2, r4, r2
100007fc:	6897      	ldr	r7, [r2, #8]
100007fe:	68d2      	ldr	r2, [r2, #12]
10000800:	46ba      	mov	sl, r7
10000802:	428a      	cmp	r2, r1
10000804:	dc07      	bgt.n	10000816 <alarm_pool_irq_handler+0x17e>
10000806:	d100      	bne.n	1000080a <alarm_pool_irq_handler+0x172>
10000808:	e0b4      	b.n	10000974 <alarm_pool_irq_handler+0x2dc>
1000080a:	18f3      	adds	r3, r6, r3
1000080c:	00db      	lsls	r3, r3, #3
1000080e:	18e5      	adds	r5, r4, r3
10000810:	5ee3      	ldrsh	r3, [r4, r3]
10000812:	2b00      	cmp	r3, #0
10000814:	daee      	bge.n	100007f4 <alarm_pool_irq_handler+0x15c>
10000816:	4666      	mov	r6, ip
10000818:	464a      	mov	r2, r9
1000081a:	9f00      	ldr	r7, [sp, #0]
1000081c:	8013      	strh	r3, [r2, #0]
1000081e:	802e      	strh	r6, [r5, #0]
10000820:	88bb      	ldrh	r3, [r7, #4]
10000822:	b21b      	sxth	r3, r3
10000824:	2b00      	cmp	r3, #0
10000826:	da00      	bge.n	1000082a <alarm_pool_irq_handler+0x192>
10000828:	e75a      	b.n	100006e0 <alarm_pool_irq_handler+0x48>
1000082a:	693a      	ldr	r2, [r7, #16]
1000082c:	f3ef 8110 	mrs	r1, PRIMASK
10000830:	b672      	cpsid	i
10000832:	6813      	ldr	r3, [r2, #0]
10000834:	2b00      	cmp	r3, #0
10000836:	d0fc      	beq.n	10000832 <alarm_pool_irq_handler+0x19a>
10000838:	f3bf 8f5f 	dmb	sy
1000083c:	2301      	movs	r3, #1
1000083e:	88be      	ldrh	r6, [r7, #4]
10000840:	425b      	negs	r3, r3
10000842:	80bb      	strh	r3, [r7, #4]
10000844:	b236      	sxth	r6, r6
10000846:	693b      	ldr	r3, [r7, #16]
10000848:	f3bf 8f5f 	dmb	sy
1000084c:	2200      	movs	r2, #0
1000084e:	601a      	str	r2, [r3, #0]
10000850:	f381 8810 	msr	PRIMASK, r1
10000854:	2e00      	cmp	r6, #0
10000856:	da00      	bge.n	1000085a <alarm_pool_irq_handler+0x1c2>
10000858:	e742      	b.n	100006e0 <alarm_pool_irq_handler+0x48>
1000085a:	003b      	movs	r3, r7
1000085c:	3308      	adds	r3, #8
1000085e:	003a      	movs	r2, r7
10000860:	4699      	mov	r9, r3
10000862:	697d      	ldr	r5, [r7, #20]
10000864:	0073      	lsls	r3, r6, #1
10000866:	199b      	adds	r3, r3, r6
10000868:	2408      	movs	r4, #8
1000086a:	5f11      	ldrsh	r1, [r2, r4]
1000086c:	00db      	lsls	r3, r3, #3
1000086e:	4648      	mov	r0, r9
10000870:	18eb      	adds	r3, r5, r3
10000872:	2900      	cmp	r1, #0
10000874:	db13      	blt.n	1000089e <alarm_pool_irq_handler+0x206>
10000876:	689c      	ldr	r4, [r3, #8]
10000878:	9300      	str	r3, [sp, #0]
1000087a:	46a4      	mov	ip, r4
1000087c:	68dc      	ldr	r4, [r3, #12]
1000087e:	e006      	b.n	1000088e <alarm_pool_irq_handler+0x1f6>
10000880:	42a3      	cmp	r3, r4
10000882:	d040      	beq.n	10000906 <alarm_pool_irq_handler+0x26e>
10000884:	2300      	movs	r3, #0
10000886:	5ef9      	ldrsh	r1, [r7, r3]
10000888:	0038      	movs	r0, r7
1000088a:	2900      	cmp	r1, #0
1000088c:	db06      	blt.n	1000089c <alarm_pool_irq_handler+0x204>
1000088e:	004f      	lsls	r7, r1, #1
10000890:	187f      	adds	r7, r7, r1
10000892:	00ff      	lsls	r7, r7, #3
10000894:	19ef      	adds	r7, r5, r7
10000896:	68fb      	ldr	r3, [r7, #12]
10000898:	42a3      	cmp	r3, r4
1000089a:	ddf1      	ble.n	10000880 <alarm_pool_irq_handler+0x1e8>
1000089c:	9b00      	ldr	r3, [sp, #0]
1000089e:	8006      	strh	r6, [r0, #0]
100008a0:	2000      	movs	r0, #0
100008a2:	5e1e      	ldrsh	r6, [r3, r0]
100008a4:	8019      	strh	r1, [r3, #0]
100008a6:	2e00      	cmp	r6, #0
100008a8:	dadc      	bge.n	10000864 <alarm_pool_irq_handler+0x1cc>
100008aa:	0017      	movs	r7, r2
100008ac:	79bb      	ldrb	r3, [r7, #6]
100008ae:	2b00      	cmp	r3, #0
100008b0:	d100      	bne.n	100008b4 <alarm_pool_irq_handler+0x21c>
100008b2:	e719      	b.n	100006e8 <alarm_pool_irq_handler+0x50>
100008b4:	2300      	movs	r3, #0
100008b6:	71bb      	strb	r3, [r7, #6]
100008b8:	2308      	movs	r3, #8
100008ba:	5ef9      	ldrsh	r1, [r7, r3]
100008bc:	1c4b      	adds	r3, r1, #1
100008be:	d100      	bne.n	100008c2 <alarm_pool_irq_handler+0x22a>
100008c0:	e737      	b.n	10000732 <alarm_pool_irq_handler+0x9a>
100008c2:	003d      	movs	r5, r7
100008c4:	3508      	adds	r5, #8
100008c6:	46ac      	mov	ip, r5
100008c8:	697c      	ldr	r4, [r7, #20]
100008ca:	e003      	b.n	100008d4 <alarm_pool_irq_handler+0x23c>
100008cc:	4684      	mov	ip, r0
100008ce:	1c4b      	adds	r3, r1, #1
100008d0:	d100      	bne.n	100008d4 <alarm_pool_irq_handler+0x23c>
100008d2:	e709      	b.n	100006e8 <alarm_pool_irq_handler+0x50>
100008d4:	004b      	lsls	r3, r1, #1
100008d6:	185b      	adds	r3, r3, r1
100008d8:	00db      	lsls	r3, r3, #3
100008da:	18e0      	adds	r0, r4, r3
100008dc:	000a      	movs	r2, r1
100008de:	5ee1      	ldrsh	r1, [r4, r3]
100008e0:	8843      	ldrh	r3, [r0, #2]
100008e2:	b21b      	sxth	r3, r3
100008e4:	2b00      	cmp	r3, #0
100008e6:	daf1      	bge.n	100008cc <alarm_pool_irq_handler+0x234>
100008e8:	2501      	movs	r5, #1
100008ea:	426d      	negs	r5, r5
100008ec:	17ee      	asrs	r6, r5, #31
100008ee:	6085      	str	r5, [r0, #8]
100008f0:	60c6      	str	r6, [r0, #12]
100008f2:	2508      	movs	r5, #8
100008f4:	5f7b      	ldrsh	r3, [r7, r5]
100008f6:	4293      	cmp	r3, r2
100008f8:	d0e9      	beq.n	100008ce <alarm_pool_irq_handler+0x236>
100008fa:	4663      	mov	r3, ip
100008fc:	8019      	strh	r1, [r3, #0]
100008fe:	893b      	ldrh	r3, [r7, #8]
10000900:	8003      	strh	r3, [r0, #0]
10000902:	813a      	strh	r2, [r7, #8]
10000904:	e7e3      	b.n	100008ce <alarm_pool_irq_handler+0x236>
10000906:	68bb      	ldr	r3, [r7, #8]
10000908:	4563      	cmp	r3, ip
1000090a:	d9bb      	bls.n	10000884 <alarm_pool_irq_handler+0x1ec>
1000090c:	e7c6      	b.n	1000089c <alarm_pool_irq_handler+0x204>
1000090e:	1c63      	adds	r3, r4, #1
10000910:	d000      	beq.n	10000914 <alarm_pool_irq_handler+0x27c>
10000912:	e6f7      	b.n	10000704 <alarm_pool_irq_handler+0x6c>
10000914:	e705      	b.n	10000722 <alarm_pool_irq_handler+0x8a>
10000916:	4653      	mov	r3, sl
10000918:	4650      	mov	r0, sl
1000091a:	691b      	ldr	r3, [r3, #16]
1000091c:	4798      	blx	r3
1000091e:	2800      	cmp	r0, #0
10000920:	d123      	bne.n	1000096a <alarm_pool_irq_handler+0x2d2>
10000922:	464b      	mov	r3, r9
10000924:	881b      	ldrh	r3, [r3, #0]
10000926:	693a      	ldr	r2, [r7, #16]
10000928:	813b      	strh	r3, [r7, #8]
1000092a:	f3ef 8310 	mrs	r3, PRIMASK
1000092e:	b672      	cpsid	i
10000930:	6811      	ldr	r1, [r2, #0]
10000932:	2900      	cmp	r1, #0
10000934:	d0fc      	beq.n	10000930 <alarm_pool_irq_handler+0x298>
10000936:	f3bf 8f5f 	dmb	sy
1000093a:	4649      	mov	r1, r9
1000093c:	887a      	ldrh	r2, [r7, #2]
1000093e:	800a      	strh	r2, [r1, #0]
10000940:	693a      	ldr	r2, [r7, #16]
10000942:	807e      	strh	r6, [r7, #2]
10000944:	f3bf 8f5f 	dmb	sy
10000948:	2100      	movs	r1, #0
1000094a:	6011      	str	r1, [r2, #0]
1000094c:	f383 8810 	msr	PRIMASK, r3
10000950:	e6c1      	b.n	100006d6 <alarm_pool_irq_handler+0x3e>
10000952:	4284      	cmp	r4, r0
10000954:	d800      	bhi.n	10000958 <alarm_pool_irq_handler+0x2c0>
10000956:	e705      	b.n	10000764 <alarm_pool_irq_handler+0xcc>
10000958:	e6bd      	b.n	100006d6 <alarm_pool_irq_handler+0x3e>
1000095a:	480b      	ldr	r0, [pc, #44]	@ (10000988 <alarm_pool_irq_handler+0x2f0>)
1000095c:	f000 f9ba 	bl	10000cd4 <timer_time_us_64>
10000960:	9b00      	ldr	r3, [sp, #0]
10000962:	9c01      	ldr	r4, [sp, #4]
10000964:	18c0      	adds	r0, r0, r3
10000966:	4161      	adcs	r1, r4
10000968:	e721      	b.n	100007ae <alarm_pool_irq_handler+0x116>
1000096a:	4653      	mov	r3, sl
1000096c:	cb0c      	ldmia	r3, {r2, r3}
1000096e:	9200      	str	r2, [sp, #0]
10000970:	9301      	str	r3, [sp, #4]
10000972:	e70d      	b.n	10000790 <alarm_pool_irq_handler+0xf8>
10000974:	4582      	cmp	sl, r0
10000976:	d800      	bhi.n	1000097a <alarm_pool_irq_handler+0x2e2>
10000978:	e747      	b.n	1000080a <alarm_pool_irq_handler+0x172>
1000097a:	e74c      	b.n	10000816 <alarm_pool_irq_handler+0x17e>
1000097c:	200005e4 	.word	0x200005e4
10000980:	4005703c 	.word	0x4005703c
10000984:	10000699 	.word	0x10000699
10000988:	40054000 	.word	0x40054000

1000098c <runtime_init_default_alarm_pool>:
1000098c:	b570      	push	{r4, r5, r6, lr}
1000098e:	4c2d      	ldr	r4, [pc, #180]	@ (10000a44 <runtime_init_default_alarm_pool+0xb8>)
10000990:	6925      	ldr	r5, [r4, #16]
10000992:	2d00      	cmp	r5, #0
10000994:	d004      	beq.n	100009a0 <runtime_init_default_alarm_pool+0x14>
10000996:	210a      	movs	r1, #10
10000998:	482b      	ldr	r0, [pc, #172]	@ (10000a48 <runtime_init_default_alarm_pool+0xbc>)
1000099a:	f7ff fe35 	bl	10000608 <lock_init>
1000099e:	bd70      	pop	{r4, r5, r6, pc}
100009a0:	4e2a      	ldr	r6, [pc, #168]	@ (10000a4c <runtime_init_default_alarm_pool+0xc0>)
100009a2:	2103      	movs	r1, #3
100009a4:	4829      	ldr	r0, [pc, #164]	@ (10000a4c <runtime_init_default_alarm_pool+0xc0>)
100009a6:	f000 f98b 	bl	10000cc0 <timer_hardware_alarm_claim>
100009aa:	60e6      	str	r6, [r4, #12]
100009ac:	f7ff fdb2 	bl	10000514 <next_striped_spin_lock_num>
100009b0:	4b27      	ldr	r3, [pc, #156]	@ (10000a50 <runtime_init_default_alarm_pool+0xc4>)
100009b2:	2203      	movs	r2, #3
100009b4:	18c0      	adds	r0, r0, r3
100009b6:	23d0      	movs	r3, #208	@ 0xd0
100009b8:	7022      	strb	r2, [r4, #0]
100009ba:	061b      	lsls	r3, r3, #24
100009bc:	681b      	ldr	r3, [r3, #0]
100009be:	2101      	movs	r1, #1
100009c0:	7063      	strb	r3, [r4, #1]
100009c2:	4b24      	ldr	r3, [pc, #144]	@ (10000a54 <runtime_init_default_alarm_pool+0xc8>)
100009c4:	0080      	lsls	r0, r0, #2
100009c6:	60a3      	str	r3, [r4, #8]
100009c8:	230f      	movs	r3, #15
100009ca:	6120      	str	r0, [r4, #16]
100009cc:	2002      	movs	r0, #2
100009ce:	8063      	strh	r3, [r4, #2]
100009d0:	6963      	ldr	r3, [r4, #20]
100009d2:	4249      	negs	r1, r1
100009d4:	80a1      	strh	r1, [r4, #4]
100009d6:	8019      	strh	r1, [r3, #0]
100009d8:	3102      	adds	r1, #2
100009da:	8619      	strh	r1, [r3, #48]	@ 0x30
100009dc:	3147      	adds	r1, #71	@ 0x47
100009de:	831d      	strh	r5, [r3, #24]
100009e0:	5258      	strh	r0, [r3, r1]
100009e2:	3118      	adds	r1, #24
100009e4:	525a      	strh	r2, [r3, r1]
100009e6:	3275      	adds	r2, #117	@ 0x75
100009e8:	395c      	subs	r1, #92	@ 0x5c
100009ea:	5299      	strh	r1, [r3, r2]
100009ec:	3218      	adds	r2, #24
100009ee:	3101      	adds	r1, #1
100009f0:	5299      	strh	r1, [r3, r2]
100009f2:	3218      	adds	r2, #24
100009f4:	3101      	adds	r1, #1
100009f6:	5299      	strh	r1, [r3, r2]
100009f8:	3218      	adds	r2, #24
100009fa:	3101      	adds	r1, #1
100009fc:	5299      	strh	r1, [r3, r2]
100009fe:	3508      	adds	r5, #8
10000a00:	3218      	adds	r2, #24
10000a02:	529d      	strh	r5, [r3, r2]
10000a04:	3102      	adds	r1, #2
10000a06:	3218      	adds	r2, #24
10000a08:	5299      	strh	r1, [r3, r2]
10000a0a:	3218      	adds	r2, #24
10000a0c:	3101      	adds	r1, #1
10000a0e:	5299      	strh	r1, [r3, r2]
10000a10:	3218      	adds	r2, #24
10000a12:	3101      	adds	r1, #1
10000a14:	5299      	strh	r1, [r3, r2]
10000a16:	3218      	adds	r2, #24
10000a18:	3101      	adds	r1, #1
10000a1a:	5299      	strh	r1, [r3, r2]
10000a1c:	3218      	adds	r2, #24
10000a1e:	3101      	adds	r1, #1
10000a20:	5299      	strh	r1, [r3, r2]
10000a22:	3218      	adds	r2, #24
10000a24:	3101      	adds	r1, #1
10000a26:	5299      	strh	r1, [r3, r2]
10000a28:	4b0b      	ldr	r3, [pc, #44]	@ (10000a58 <runtime_init_default_alarm_pool+0xcc>)
10000a2a:	490c      	ldr	r1, [pc, #48]	@ (10000a5c <runtime_init_default_alarm_pool+0xd0>)
10000a2c:	60dc      	str	r4, [r3, #12]
10000a2e:	3001      	adds	r0, #1
10000a30:	6235      	str	r5, [r6, #32]
10000a32:	f7ff fdbf 	bl	100005b4 <irq_set_exclusive_handler>
10000a36:	2101      	movs	r1, #1
10000a38:	2003      	movs	r0, #3
10000a3a:	f7ff fda9 	bl	10000590 <irq_set_enabled>
10000a3e:	4b08      	ldr	r3, [pc, #32]	@ (10000a60 <runtime_init_default_alarm_pool+0xd4>)
10000a40:	601d      	str	r5, [r3, #0]
10000a42:	e7a8      	b.n	10000996 <runtime_init_default_alarm_pool+0xa>
10000a44:	200001e8 	.word	0x200001e8
10000a48:	200005f8 	.word	0x200005f8
10000a4c:	40054000 	.word	0x40054000
10000a50:	34000040 	.word	0x34000040
10000a54:	0010ffff 	.word	0x0010ffff
10000a58:	200005e4 	.word	0x200005e4
10000a5c:	10000699 	.word	0x10000699
10000a60:	40056038 	.word	0x40056038

10000a64 <alarm_pool_add_alarm_at_force_in_context>:
10000a64:	b570      	push	{r4, r5, r6, lr}
10000a66:	b082      	sub	sp, #8
10000a68:	9200      	str	r2, [sp, #0]
10000a6a:	9301      	str	r3, [sp, #4]
10000a6c:	0001      	movs	r1, r0
10000a6e:	6902      	ldr	r2, [r0, #16]
10000a70:	f3ef 8410 	mrs	r4, PRIMASK
10000a74:	b672      	cpsid	i
10000a76:	6813      	ldr	r3, [r2, #0]
10000a78:	2b00      	cmp	r3, #0
10000a7a:	d0fc      	beq.n	10000a76 <alarm_pool_add_alarm_at_force_in_context+0x12>
10000a7c:	f3bf 8f5f 	dmb	sy
10000a80:	2302      	movs	r3, #2
10000a82:	5ec8      	ldrsh	r0, [r1, r3]
10000a84:	690d      	ldr	r5, [r1, #16]
10000a86:	2800      	cmp	r0, #0
10000a88:	db3f      	blt.n	10000b0a <alarm_pool_add_alarm_at_force_in_context+0xa6>
10000a8a:	694a      	ldr	r2, [r1, #20]
10000a8c:	0043      	lsls	r3, r0, #1
10000a8e:	0016      	movs	r6, r2
10000a90:	181b      	adds	r3, r3, r0
10000a92:	00db      	lsls	r3, r3, #3
10000a94:	18d2      	adds	r2, r2, r3
10000a96:	5af3      	ldrh	r3, [r6, r3]
10000a98:	804b      	strh	r3, [r1, #2]
10000a9a:	f3bf 8f5f 	dmb	sy
10000a9e:	2300      	movs	r3, #0
10000aa0:	602b      	str	r3, [r5, #0]
10000aa2:	f384 8810 	msr	PRIMASK, r4
10000aa6:	9b06      	ldr	r3, [sp, #24]
10000aa8:	6113      	str	r3, [r2, #16]
10000aaa:	9b07      	ldr	r3, [sp, #28]
10000aac:	6153      	str	r3, [r2, #20]
10000aae:	9b00      	ldr	r3, [sp, #0]
10000ab0:	9c01      	ldr	r4, [sp, #4]
10000ab2:	6093      	str	r3, [r2, #8]
10000ab4:	60d4      	str	r4, [r2, #12]
10000ab6:	8853      	ldrh	r3, [r2, #2]
10000ab8:	3301      	adds	r3, #1
10000aba:	045b      	lsls	r3, r3, #17
10000abc:	0c5b      	lsrs	r3, r3, #17
10000abe:	1c1d      	adds	r5, r3, #0
10000ac0:	2b00      	cmp	r3, #0
10000ac2:	d020      	beq.n	10000b06 <alarm_pool_add_alarm_at_force_in_context+0xa2>
10000ac4:	b2ac      	uxth	r4, r5
10000ac6:	0403      	lsls	r3, r0, #16
10000ac8:	8055      	strh	r5, [r2, #2]
10000aca:	4323      	orrs	r3, r4
10000acc:	690d      	ldr	r5, [r1, #16]
10000ace:	f3ef 8c10 	mrs	ip, PRIMASK
10000ad2:	b672      	cpsid	i
10000ad4:	682c      	ldr	r4, [r5, #0]
10000ad6:	2c00      	cmp	r4, #0
10000ad8:	d0fc      	beq.n	10000ad4 <alarm_pool_add_alarm_at_force_in_context+0x70>
10000ada:	f3bf 8f5f 	dmb	sy
10000ade:	888c      	ldrh	r4, [r1, #4]
10000ae0:	8014      	strh	r4, [r2, #0]
10000ae2:	8088      	strh	r0, [r1, #4]
10000ae4:	690a      	ldr	r2, [r1, #16]
10000ae6:	f3bf 8f5f 	dmb	sy
10000aea:	2000      	movs	r0, #0
10000aec:	6010      	str	r0, [r2, #0]
10000aee:	f38c 8810 	msr	PRIMASK, ip
10000af2:	780a      	ldrb	r2, [r1, #0]
10000af4:	3001      	adds	r0, #1
10000af6:	4090      	lsls	r0, r2
10000af8:	68ca      	ldr	r2, [r1, #12]
10000afa:	4908      	ldr	r1, [pc, #32]	@ (10000b1c <alarm_pool_add_alarm_at_force_in_context+0xb8>)
10000afc:	1852      	adds	r2, r2, r1
10000afe:	6010      	str	r0, [r2, #0]
10000b00:	0018      	movs	r0, r3
10000b02:	b002      	add	sp, #8
10000b04:	bd70      	pop	{r4, r5, r6, pc}
10000b06:	2501      	movs	r5, #1
10000b08:	e7dc      	b.n	10000ac4 <alarm_pool_add_alarm_at_force_in_context+0x60>
10000b0a:	f3bf 8f5f 	dmb	sy
10000b0e:	2300      	movs	r3, #0
10000b10:	602b      	str	r3, [r5, #0]
10000b12:	f384 8810 	msr	PRIMASK, r4
10000b16:	3b01      	subs	r3, #1
10000b18:	e7f2      	b.n	10000b00 <alarm_pool_add_alarm_at_force_in_context+0x9c>
10000b1a:	46c0      	nop			@ (mov r8, r8)
10000b1c:	0000203c 	.word	0x0000203c

10000b20 <alarm_pool_cancel_alarm>:
10000b20:	b510      	push	{r4, lr}
10000b22:	8943      	ldrh	r3, [r0, #10]
10000b24:	140a      	asrs	r2, r1, #16
10000b26:	4293      	cmp	r3, r2
10000b28:	dd1a      	ble.n	10000b60 <alarm_pool_cancel_alarm+0x40>
10000b2a:	0053      	lsls	r3, r2, #1
10000b2c:	189b      	adds	r3, r3, r2
10000b2e:	6942      	ldr	r2, [r0, #20]
10000b30:	00db      	lsls	r3, r3, #3
10000b32:	18d3      	adds	r3, r2, r3
10000b34:	6904      	ldr	r4, [r0, #16]
10000b36:	f3ef 8c10 	mrs	ip, PRIMASK
10000b3a:	b672      	cpsid	i
10000b3c:	6822      	ldr	r2, [r4, #0]
10000b3e:	2a00      	cmp	r2, #0
10000b40:	d0fc      	beq.n	10000b3c <alarm_pool_cancel_alarm+0x1c>
10000b42:	f3bf 8f5f 	dmb	sy
10000b46:	885a      	ldrh	r2, [r3, #2]
10000b48:	0409      	lsls	r1, r1, #16
10000b4a:	b294      	uxth	r4, r2
10000b4c:	0c09      	lsrs	r1, r1, #16
10000b4e:	428a      	cmp	r2, r1
10000b50:	d008      	beq.n	10000b64 <alarm_pool_cancel_alarm+0x44>
10000b52:	6903      	ldr	r3, [r0, #16]
10000b54:	f3bf 8f5f 	dmb	sy
10000b58:	2200      	movs	r2, #0
10000b5a:	601a      	str	r2, [r3, #0]
10000b5c:	f38c 8810 	msr	PRIMASK, ip
10000b60:	2000      	movs	r0, #0
10000b62:	bd10      	pop	{r4, pc}
10000b64:	4a09      	ldr	r2, [pc, #36]	@ (10000b8c <alarm_pool_cancel_alarm+0x6c>)
10000b66:	4322      	orrs	r2, r4
10000b68:	805a      	strh	r2, [r3, #2]
10000b6a:	2301      	movs	r3, #1
10000b6c:	6902      	ldr	r2, [r0, #16]
10000b6e:	7183      	strb	r3, [r0, #6]
10000b70:	f3bf 8f5f 	dmb	sy
10000b74:	2100      	movs	r1, #0
10000b76:	6011      	str	r1, [r2, #0]
10000b78:	f38c 8810 	msr	PRIMASK, ip
10000b7c:	7802      	ldrb	r2, [r0, #0]
10000b7e:	4904      	ldr	r1, [pc, #16]	@ (10000b90 <alarm_pool_cancel_alarm+0x70>)
10000b80:	4093      	lsls	r3, r2
10000b82:	68c2      	ldr	r2, [r0, #12]
10000b84:	2001      	movs	r0, #1
10000b86:	1852      	adds	r2, r2, r1
10000b88:	6013      	str	r3, [r2, #0]
10000b8a:	e7ea      	b.n	10000b62 <alarm_pool_cancel_alarm+0x42>
10000b8c:	ffff8000 	.word	0xffff8000
10000b90:	0000203c 	.word	0x0000203c

10000b94 <best_effort_wfe_or_timeout>:
10000b94:	b5f0      	push	{r4, r5, r6, r7, lr}
10000b96:	46ce      	mov	lr, r9
10000b98:	4647      	mov	r7, r8
10000b9a:	b580      	push	{r7, lr}
10000b9c:	0004      	movs	r4, r0
10000b9e:	000d      	movs	r5, r1
10000ba0:	b085      	sub	sp, #20
10000ba2:	f3ef 8305 	mrs	r3, IPSR
10000ba6:	4689      	mov	r9, r1
10000ba8:	2b00      	cmp	r3, #0
10000baa:	d132      	bne.n	10000c12 <best_effort_wfe_or_timeout+0x7e>
10000bac:	4e40      	ldr	r6, [pc, #256]	@ (10000cb0 <best_effort_wfe_or_timeout+0x11c>)
10000bae:	6833      	ldr	r3, [r6, #0]
10000bb0:	4283      	cmp	r3, r0
10000bb2:	d02a      	beq.n	10000c0a <best_effort_wfe_or_timeout+0x76>
10000bb4:	4f3f      	ldr	r7, [pc, #252]	@ (10000cb4 <best_effort_wfe_or_timeout+0x120>)
10000bb6:	68fb      	ldr	r3, [r7, #12]
10000bb8:	783a      	ldrb	r2, [r7, #0]
10000bba:	4698      	mov	r8, r3
10000bbc:	0018      	movs	r0, r3
10000bbe:	9203      	str	r2, [sp, #12]
10000bc0:	f000 f888 	bl	10000cd4 <timer_time_us_64>
10000bc4:	9a03      	ldr	r2, [sp, #12]
10000bc6:	1d13      	adds	r3, r2, #4
10000bc8:	4642      	mov	r2, r8
10000bca:	009b      	lsls	r3, r3, #2
10000bcc:	589b      	ldr	r3, [r3, r2]
10000bce:	0022      	movs	r2, r4
10000bd0:	1a1b      	subs	r3, r3, r0
10000bd2:	469c      	mov	ip, r3
10000bd4:	002b      	movs	r3, r5
10000bd6:	1a12      	subs	r2, r2, r0
10000bd8:	418b      	sbcs	r3, r1
10000bda:	0019      	movs	r1, r3
10000bdc:	2300      	movs	r3, #0
10000bde:	0010      	movs	r0, r2
10000be0:	428b      	cmp	r3, r1
10000be2:	dc25      	bgt.n	10000c30 <best_effort_wfe_or_timeout+0x9c>
10000be4:	d022      	beq.n	10000c2c <best_effort_wfe_or_timeout+0x98>
10000be6:	bf20      	wfe
10000be8:	4b33      	ldr	r3, [pc, #204]	@ (10000cb8 <best_effort_wfe_or_timeout+0x124>)
10000bea:	6a58      	ldr	r0, [r3, #36]	@ 0x24
10000bec:	4548      	cmp	r0, r9
10000bee:	d32b      	bcc.n	10000c48 <best_effort_wfe_or_timeout+0xb4>
10000bf0:	1b40      	subs	r0, r0, r5
10000bf2:	6a9a      	ldr	r2, [r3, #40]	@ 0x28
10000bf4:	1e43      	subs	r3, r0, #1
10000bf6:	4198      	sbcs	r0, r3
10000bf8:	2300      	movs	r3, #0
10000bfa:	42a2      	cmp	r2, r4
10000bfc:	415b      	adcs	r3, r3
10000bfe:	4318      	orrs	r0, r3
10000c00:	b005      	add	sp, #20
10000c02:	bcc0      	pop	{r6, r7}
10000c04:	46b9      	mov	r9, r7
10000c06:	46b0      	mov	r8, r6
10000c08:	bdf0      	pop	{r4, r5, r6, r7, pc}
10000c0a:	6873      	ldr	r3, [r6, #4]
10000c0c:	428b      	cmp	r3, r1
10000c0e:	d1d1      	bne.n	10000bb4 <best_effort_wfe_or_timeout+0x20>
10000c10:	e7e9      	b.n	10000be6 <best_effort_wfe_or_timeout+0x52>
10000c12:	4929      	ldr	r1, [pc, #164]	@ (10000cb8 <best_effort_wfe_or_timeout+0x124>)
10000c14:	2000      	movs	r0, #0
10000c16:	6a4b      	ldr	r3, [r1, #36]	@ 0x24
10000c18:	42ab      	cmp	r3, r5
10000c1a:	d3f1      	bcc.n	10000c00 <best_effort_wfe_or_timeout+0x6c>
10000c1c:	6a8a      	ldr	r2, [r1, #40]	@ 0x28
10000c1e:	1b5b      	subs	r3, r3, r5
10000c20:	1e59      	subs	r1, r3, #1
10000c22:	418b      	sbcs	r3, r1
10000c24:	42a2      	cmp	r2, r4
10000c26:	4140      	adcs	r0, r0
10000c28:	4318      	orrs	r0, r3
10000c2a:	e7e9      	b.n	10000c00 <best_effort_wfe_or_timeout+0x6c>
10000c2c:	4584      	cmp	ip, r0
10000c2e:	d9da      	bls.n	10000be6 <best_effort_wfe_or_timeout+0x52>
10000c30:	f000 f858 	bl	10000ce4 <time_us_64>
10000c34:	0022      	movs	r2, r4
10000c36:	002b      	movs	r3, r5
10000c38:	1a12      	subs	r2, r2, r0
10000c3a:	418b      	sbcs	r3, r1
10000c3c:	2b00      	cmp	r3, #0
10000c3e:	da05      	bge.n	10000c4c <best_effort_wfe_or_timeout+0xb8>
10000c40:	4a1d      	ldr	r2, [pc, #116]	@ (10000cb8 <best_effort_wfe_or_timeout+0x124>)
10000c42:	6a53      	ldr	r3, [r2, #36]	@ 0x24
10000c44:	454b      	cmp	r3, r9
10000c46:	d229      	bcs.n	10000c9c <best_effort_wfe_or_timeout+0x108>
10000c48:	2000      	movs	r0, #0
10000c4a:	e7d9      	b.n	10000c00 <best_effort_wfe_or_timeout+0x6c>
10000c4c:	2300      	movs	r3, #0
10000c4e:	9301      	str	r3, [sp, #4]
10000c50:	4b1a      	ldr	r3, [pc, #104]	@ (10000cbc <best_effort_wfe_or_timeout+0x128>)
10000c52:	0022      	movs	r2, r4
10000c54:	9300      	str	r3, [sp, #0]
10000c56:	0038      	movs	r0, r7
10000c58:	002b      	movs	r3, r5
10000c5a:	f7ff ff03 	bl	10000a64 <alarm_pool_add_alarm_at_force_in_context>
10000c5e:	2800      	cmp	r0, #0
10000c60:	ddee      	ble.n	10000c40 <best_effort_wfe_or_timeout+0xac>
10000c62:	4b15      	ldr	r3, [pc, #84]	@ (10000cb8 <best_effort_wfe_or_timeout+0x124>)
10000c64:	c630      	stmia	r6!, {r4, r5}
10000c66:	6a5a      	ldr	r2, [r3, #36]	@ 0x24
10000c68:	454a      	cmp	r2, r9
10000c6a:	d315      	bcc.n	10000c98 <best_effort_wfe_or_timeout+0x104>
10000c6c:	6a9b      	ldr	r3, [r3, #40]	@ 0x28
10000c6e:	42a3      	cmp	r3, r4
10000c70:	d310      	bcc.n	10000c94 <best_effort_wfe_or_timeout+0x100>
10000c72:	0001      	movs	r1, r0
10000c74:	0038      	movs	r0, r7
10000c76:	f7ff ff53 	bl	10000b20 <alarm_pool_cancel_alarm>
10000c7a:	4a0f      	ldr	r2, [pc, #60]	@ (10000cb8 <best_effort_wfe_or_timeout+0x124>)
10000c7c:	2000      	movs	r0, #0
10000c7e:	6a53      	ldr	r3, [r2, #36]	@ 0x24
10000c80:	454b      	cmp	r3, r9
10000c82:	d3bd      	bcc.n	10000c00 <best_effort_wfe_or_timeout+0x6c>
10000c84:	6a92      	ldr	r2, [r2, #40]	@ 0x28
10000c86:	1b5b      	subs	r3, r3, r5
10000c88:	1e59      	subs	r1, r3, #1
10000c8a:	418b      	sbcs	r3, r1
10000c8c:	42a2      	cmp	r2, r4
10000c8e:	4140      	adcs	r0, r0
10000c90:	4318      	orrs	r0, r3
10000c92:	e7b5      	b.n	10000c00 <best_effort_wfe_or_timeout+0x6c>
10000c94:	454a      	cmp	r2, r9
10000c96:	d1ec      	bne.n	10000c72 <best_effort_wfe_or_timeout+0xde>
10000c98:	bf20      	wfe
10000c9a:	e7ea      	b.n	10000c72 <best_effort_wfe_or_timeout+0xde>
10000c9c:	2000      	movs	r0, #0
10000c9e:	6a92      	ldr	r2, [r2, #40]	@ 0x28
10000ca0:	1b5b      	subs	r3, r3, r5
10000ca2:	42a2      	cmp	r2, r4
10000ca4:	4140      	adcs	r0, r0
10000ca6:	1e5a      	subs	r2, r3, #1
10000ca8:	4193      	sbcs	r3, r2
10000caa:	4318      	orrs	r0, r3
10000cac:	e7a8      	b.n	10000c00 <best_effort_wfe_or_timeout+0x6c>
10000cae:	46c0      	nop			@ (mov r8, r8)
10000cb0:	200001e0 	.word	0x200001e0
10000cb4:	200001e8 	.word	0x200001e8
10000cb8:	40054000 	.word	0x40054000
10000cbc:	10000669 	.word	0x10000669

10000cc0 <timer_hardware_alarm_claim>:
10000cc0:	b510      	push	{r4, lr}
10000cc2:	4a02      	ldr	r2, [pc, #8]	@ (10000ccc <timer_hardware_alarm_claim+0xc>)
10000cc4:	4802      	ldr	r0, [pc, #8]	@ (10000cd0 <timer_hardware_alarm_claim+0x10>)
10000cc6:	f7ff fbfd 	bl	100004c4 <hw_claim_or_assert>
10000cca:	bd10      	pop	{r4, pc}
10000ccc:	10001804 	.word	0x10001804
10000cd0:	200005a8 	.word	0x200005a8

10000cd4 <timer_time_us_64>:
10000cd4:	0003      	movs	r3, r0
10000cd6:	6a41      	ldr	r1, [r0, #36]	@ 0x24
10000cd8:	000a      	movs	r2, r1
10000cda:	6a98      	ldr	r0, [r3, #40]	@ 0x28
10000cdc:	6a59      	ldr	r1, [r3, #36]	@ 0x24
10000cde:	428a      	cmp	r2, r1
10000ce0:	d1fa      	bne.n	10000cd8 <timer_time_us_64+0x4>
10000ce2:	4770      	bx	lr

10000ce4 <time_us_64>:
10000ce4:	4b03      	ldr	r3, [pc, #12]	@ (10000cf4 <time_us_64+0x10>)
10000ce6:	6a59      	ldr	r1, [r3, #36]	@ 0x24
10000ce8:	000a      	movs	r2, r1
10000cea:	6a98      	ldr	r0, [r3, #40]	@ 0x28
10000cec:	6a59      	ldr	r1, [r3, #36]	@ 0x24
10000cee:	4291      	cmp	r1, r2
10000cf0:	d1fa      	bne.n	10000ce8 <time_us_64+0x4>
10000cf2:	4770      	bx	lr
10000cf4:	40054000 	.word	0x40054000

10000cf8 <clock_configure_int_divider>:
10000cf8:	b5f8      	push	{r3, r4, r5, r6, r7, lr}
10000cfa:	46de      	mov	lr, fp
10000cfc:	464e      	mov	r6, r9
10000cfe:	4645      	mov	r5, r8
10000d00:	4657      	mov	r7, sl
10000d02:	b5e0      	push	{r5, r6, r7, lr}
10000d04:	0005      	movs	r5, r0
10000d06:	468b      	mov	fp, r1
10000d08:	0018      	movs	r0, r3
10000d0a:	990a      	ldr	r1, [sp, #40]	@ 0x28
10000d0c:	4691      	mov	r9, r2
10000d0e:	f000 fab1 	bl	10001274 <__wrap___aeabi_uidiv>
10000d12:	9b0a      	ldr	r3, [sp, #40]	@ 0x28
10000d14:	006c      	lsls	r4, r5, #1
10000d16:	021e      	lsls	r6, r3, #8
10000d18:	1964      	adds	r4, r4, r5
10000d1a:	4b30      	ldr	r3, [pc, #192]	@ (10000ddc <clock_configure_int_divider+0xe4>)
10000d1c:	00a4      	lsls	r4, r4, #2
10000d1e:	18e4      	adds	r4, r4, r3
10000d20:	6863      	ldr	r3, [r4, #4]
10000d22:	4680      	mov	r8, r0
10000d24:	429e      	cmp	r6, r3
10000d26:	d900      	bls.n	10000d2a <clock_configure_int_divider+0x32>
10000d28:	6066      	str	r6, [r4, #4]
10000d2a:	1f2f      	subs	r7, r5, #4
10000d2c:	b2fb      	uxtb	r3, r7
10000d2e:	469a      	mov	sl, r3
10000d30:	2b01      	cmp	r3, #1
10000d32:	d92f      	bls.n	10000d94 <clock_configure_int_divider+0x9c>
10000d34:	23c0      	movs	r3, #192	@ 0xc0
10000d36:	2280      	movs	r2, #128	@ 0x80
10000d38:	4f29      	ldr	r7, [pc, #164]	@ (10000de0 <clock_configure_int_divider+0xe8>)
10000d3a:	00ad      	lsls	r5, r5, #2
10000d3c:	019b      	lsls	r3, r3, #6
10000d3e:	5979      	ldr	r1, [r7, r5]
10000d40:	0112      	lsls	r2, r2, #4
10000d42:	18e3      	adds	r3, r4, r3
10000d44:	601a      	str	r2, [r3, #0]
10000d46:	2900      	cmp	r1, #0
10000d48:	d11b      	bne.n	10000d82 <clock_configure_int_divider+0x8a>
10000d4a:	464b      	mov	r3, r9
10000d4c:	6822      	ldr	r2, [r4, #0]
10000d4e:	015b      	lsls	r3, r3, #5
10000d50:	4053      	eors	r3, r2
10000d52:	22e0      	movs	r2, #224	@ 0xe0
10000d54:	4013      	ands	r3, r2
10000d56:	2280      	movs	r2, #128	@ 0x80
10000d58:	0152      	lsls	r2, r2, #5
10000d5a:	18a2      	adds	r2, r4, r2
10000d5c:	6013      	str	r3, [r2, #0]
10000d5e:	4653      	mov	r3, sl
10000d60:	2b01      	cmp	r3, #1
10000d62:	d92f      	bls.n	10000dc4 <clock_configure_int_divider+0xcc>
10000d64:	2380      	movs	r3, #128	@ 0x80
10000d66:	2280      	movs	r2, #128	@ 0x80
10000d68:	019b      	lsls	r3, r3, #6
10000d6a:	18e3      	adds	r3, r4, r3
10000d6c:	0112      	lsls	r2, r2, #4
10000d6e:	601a      	str	r2, [r3, #0]
10000d70:	4643      	mov	r3, r8
10000d72:	6066      	str	r6, [r4, #4]
10000d74:	517b      	str	r3, [r7, r5]
10000d76:	bcf0      	pop	{r4, r5, r6, r7}
10000d78:	46bb      	mov	fp, r7
10000d7a:	46b2      	mov	sl, r6
10000d7c:	46a9      	mov	r9, r5
10000d7e:	46a0      	mov	r8, r4
10000d80:	bdf8      	pop	{r3, r4, r5, r6, r7, pc}
10000d82:	6978      	ldr	r0, [r7, #20]
10000d84:	f000 fa76 	bl	10001274 <__wrap___aeabi_uidiv>
10000d88:	3001      	adds	r0, #1
10000d8a:	0043      	lsls	r3, r0, #1
10000d8c:	181b      	adds	r3, r3, r0
10000d8e:	3b03      	subs	r3, #3
10000d90:	d2fd      	bcs.n	10000d8e <clock_configure_int_divider+0x96>
10000d92:	e7da      	b.n	10000d4a <clock_configure_int_divider+0x52>
10000d94:	465b      	mov	r3, fp
10000d96:	2b01      	cmp	r3, #1
10000d98:	d1cc      	bne.n	10000d34 <clock_configure_int_divider+0x3c>
10000d9a:	23c0      	movs	r3, #192	@ 0xc0
10000d9c:	2203      	movs	r2, #3
10000d9e:	019b      	lsls	r3, r3, #6
10000da0:	18e3      	adds	r3, r4, r3
10000da2:	601a      	str	r2, [r3, #0]
10000da4:	3a02      	subs	r2, #2
10000da6:	68a3      	ldr	r3, [r4, #8]
10000da8:	421a      	tst	r2, r3
10000daa:	d0fc      	beq.n	10000da6 <clock_configure_int_divider+0xae>
10000dac:	464a      	mov	r2, r9
10000dae:	6823      	ldr	r3, [r4, #0]
10000db0:	0152      	lsls	r2, r2, #5
10000db2:	405a      	eors	r2, r3
10000db4:	23e0      	movs	r3, #224	@ 0xe0
10000db6:	4013      	ands	r3, r2
10000db8:	2280      	movs	r2, #128	@ 0x80
10000dba:	0152      	lsls	r2, r2, #5
10000dbc:	18a2      	adds	r2, r4, r2
10000dbe:	4f08      	ldr	r7, [pc, #32]	@ (10000de0 <clock_configure_int_divider+0xe8>)
10000dc0:	6013      	str	r3, [r2, #0]
10000dc2:	00ad      	lsls	r5, r5, #2
10000dc4:	4658      	mov	r0, fp
10000dc6:	2303      	movs	r3, #3
10000dc8:	6821      	ldr	r1, [r4, #0]
10000dca:	4041      	eors	r1, r0
10000dcc:	400b      	ands	r3, r1
10000dce:	6013      	str	r3, [r2, #0]
10000dd0:	2201      	movs	r2, #1
10000dd2:	4082      	lsls	r2, r0
10000dd4:	68a3      	ldr	r3, [r4, #8]
10000dd6:	421a      	tst	r2, r3
10000dd8:	d0fc      	beq.n	10000dd4 <clock_configure_int_divider+0xdc>
10000dda:	e7c3      	b.n	10000d64 <clock_configure_int_divider+0x6c>
10000ddc:	40008000 	.word	0x40008000
10000de0:	200005ac 	.word	0x200005ac

10000de4 <clock_configure_undivided>:
10000de4:	b5f0      	push	{r4, r5, r6, r7, lr}
10000de6:	46d6      	mov	lr, sl
10000de8:	464f      	mov	r7, r9
10000dea:	4646      	mov	r6, r8
10000dec:	0044      	lsls	r4, r0, #1
10000dee:	4698      	mov	r8, r3
10000df0:	1824      	adds	r4, r4, r0
10000df2:	4b32      	ldr	r3, [pc, #200]	@ (10000ebc <clock_configure_undivided+0xd8>)
10000df4:	00a4      	lsls	r4, r4, #2
10000df6:	18e4      	adds	r4, r4, r3
10000df8:	6863      	ldr	r3, [r4, #4]
10000dfa:	468a      	mov	sl, r1
10000dfc:	4691      	mov	r9, r2
10000dfe:	b5c0      	push	{r6, r7, lr}
10000e00:	2bff      	cmp	r3, #255	@ 0xff
10000e02:	d802      	bhi.n	10000e0a <clock_configure_undivided+0x26>
10000e04:	2380      	movs	r3, #128	@ 0x80
10000e06:	005b      	lsls	r3, r3, #1
10000e08:	6063      	str	r3, [r4, #4]
10000e0a:	1f06      	subs	r6, r0, #4
10000e0c:	b2f6      	uxtb	r6, r6
10000e0e:	2e01      	cmp	r6, #1
10000e10:	d92f      	bls.n	10000e72 <clock_configure_undivided+0x8e>
10000e12:	23c0      	movs	r3, #192	@ 0xc0
10000e14:	2280      	movs	r2, #128	@ 0x80
10000e16:	4f2a      	ldr	r7, [pc, #168]	@ (10000ec0 <clock_configure_undivided+0xdc>)
10000e18:	0085      	lsls	r5, r0, #2
10000e1a:	019b      	lsls	r3, r3, #6
10000e1c:	5979      	ldr	r1, [r7, r5]
10000e1e:	0112      	lsls	r2, r2, #4
10000e20:	18e3      	adds	r3, r4, r3
10000e22:	601a      	str	r2, [r3, #0]
10000e24:	2900      	cmp	r1, #0
10000e26:	d11b      	bne.n	10000e60 <clock_configure_undivided+0x7c>
10000e28:	464b      	mov	r3, r9
10000e2a:	6822      	ldr	r2, [r4, #0]
10000e2c:	015b      	lsls	r3, r3, #5
10000e2e:	4053      	eors	r3, r2
10000e30:	22e0      	movs	r2, #224	@ 0xe0
10000e32:	4013      	ands	r3, r2
10000e34:	2280      	movs	r2, #128	@ 0x80
10000e36:	0152      	lsls	r2, r2, #5
10000e38:	18a2      	adds	r2, r4, r2
10000e3a:	6013      	str	r3, [r2, #0]
10000e3c:	2e01      	cmp	r6, #1
10000e3e:	d930      	bls.n	10000ea2 <clock_configure_undivided+0xbe>
10000e40:	2380      	movs	r3, #128	@ 0x80
10000e42:	2280      	movs	r2, #128	@ 0x80
10000e44:	019b      	lsls	r3, r3, #6
10000e46:	18e3      	adds	r3, r4, r3
10000e48:	0112      	lsls	r2, r2, #4
10000e4a:	601a      	str	r2, [r3, #0]
10000e4c:	2380      	movs	r3, #128	@ 0x80
10000e4e:	005b      	lsls	r3, r3, #1
10000e50:	6063      	str	r3, [r4, #4]
10000e52:	4643      	mov	r3, r8
10000e54:	517b      	str	r3, [r7, r5]
10000e56:	bce0      	pop	{r5, r6, r7}
10000e58:	46ba      	mov	sl, r7
10000e5a:	46b1      	mov	r9, r6
10000e5c:	46a8      	mov	r8, r5
10000e5e:	bdf0      	pop	{r4, r5, r6, r7, pc}
10000e60:	6978      	ldr	r0, [r7, #20]
10000e62:	f000 fa07 	bl	10001274 <__wrap___aeabi_uidiv>
10000e66:	3001      	adds	r0, #1
10000e68:	0043      	lsls	r3, r0, #1
10000e6a:	181b      	adds	r3, r3, r0
10000e6c:	3b03      	subs	r3, #3
10000e6e:	d2fd      	bcs.n	10000e6c <clock_configure_undivided+0x88>
10000e70:	e7da      	b.n	10000e28 <clock_configure_undivided+0x44>
10000e72:	4653      	mov	r3, sl
10000e74:	2b01      	cmp	r3, #1
10000e76:	d1cc      	bne.n	10000e12 <clock_configure_undivided+0x2e>
10000e78:	23c0      	movs	r3, #192	@ 0xc0
10000e7a:	2203      	movs	r2, #3
10000e7c:	019b      	lsls	r3, r3, #6
10000e7e:	18e3      	adds	r3, r4, r3
10000e80:	601a      	str	r2, [r3, #0]
10000e82:	3a02      	subs	r2, #2
10000e84:	68a3      	ldr	r3, [r4, #8]
10000e86:	421a      	tst	r2, r3
10000e88:	d0fc      	beq.n	10000e84 <clock_configure_undivided+0xa0>
10000e8a:	464a      	mov	r2, r9
10000e8c:	6823      	ldr	r3, [r4, #0]
10000e8e:	0152      	lsls	r2, r2, #5
10000e90:	405a      	eors	r2, r3
10000e92:	23e0      	movs	r3, #224	@ 0xe0
10000e94:	4013      	ands	r3, r2
10000e96:	2280      	movs	r2, #128	@ 0x80
10000e98:	0152      	lsls	r2, r2, #5
10000e9a:	18a2      	adds	r2, r4, r2
10000e9c:	4f08      	ldr	r7, [pc, #32]	@ (10000ec0 <clock_configure_undivided+0xdc>)
10000e9e:	6013      	str	r3, [r2, #0]
10000ea0:	0085      	lsls	r5, r0, #2
10000ea2:	4650      	mov	r0, sl
10000ea4:	2303      	movs	r3, #3
10000ea6:	6821      	ldr	r1, [r4, #0]
10000ea8:	4041      	eors	r1, r0
10000eaa:	400b      	ands	r3, r1
10000eac:	6013      	str	r3, [r2, #0]
10000eae:	2201      	movs	r2, #1
10000eb0:	4082      	lsls	r2, r0
10000eb2:	68a3      	ldr	r3, [r4, #8]
10000eb4:	421a      	tst	r2, r3
10000eb6:	d0fc      	beq.n	10000eb2 <clock_configure_undivided+0xce>
10000eb8:	e7c2      	b.n	10000e40 <clock_configure_undivided+0x5c>
10000eba:	46c0      	nop			@ (mov r8, r8)
10000ebc:	40008000 	.word	0x40008000
10000ec0:	200005ac 	.word	0x200005ac

10000ec4 <clock_get_hz>:
10000ec4:	4b01      	ldr	r3, [pc, #4]	@ (10000ecc <clock_get_hz+0x8>)
10000ec6:	0080      	lsls	r0, r0, #2
10000ec8:	58c0      	ldr	r0, [r0, r3]
10000eca:	4770      	bx	lr
10000ecc:	200005ac 	.word	0x200005ac

10000ed0 <pll_init>:
10000ed0:	b5f0      	push	{r4, r5, r6, r7, lr}
10000ed2:	46c6      	mov	lr, r8
10000ed4:	0004      	movs	r4, r0
10000ed6:	b500      	push	{lr}
10000ed8:	4823      	ldr	r0, [pc, #140]	@ (10000f68 <pll_init+0x98>)
10000eda:	0016      	movs	r6, r2
10000edc:	4698      	mov	r8, r3
10000ede:	000d      	movs	r5, r1
10000ee0:	f000 f9c8 	bl	10001274 <__wrap___aeabi_uidiv>
10000ee4:	0001      	movs	r1, r0
10000ee6:	0030      	movs	r0, r6
10000ee8:	f000 f9c4 	bl	10001274 <__wrap___aeabi_uidiv>
10000eec:	4643      	mov	r3, r8
10000eee:	9a06      	ldr	r2, [sp, #24]
10000ef0:	041b      	lsls	r3, r3, #16
10000ef2:	0312      	lsls	r2, r2, #12
10000ef4:	4313      	orrs	r3, r2
10000ef6:	469c      	mov	ip, r3
10000ef8:	6823      	ldr	r3, [r4, #0]
10000efa:	0006      	movs	r6, r0
10000efc:	2b00      	cmp	r3, #0
10000efe:	db22      	blt.n	10000f46 <pll_init+0x76>
10000f00:	4b1a      	ldr	r3, [pc, #104]	@ (10000f6c <pll_init+0x9c>)
10000f02:	481b      	ldr	r0, [pc, #108]	@ (10000f70 <pll_init+0xa0>)
10000f04:	18e2      	adds	r2, r4, r3
10000f06:	1e53      	subs	r3, r2, #1
10000f08:	419a      	sbcs	r2, r3
10000f0a:	2380      	movs	r3, #128	@ 0x80
10000f0c:	4252      	negs	r2, r2
10000f0e:	0b12      	lsrs	r2, r2, #12
10000f10:	019b      	lsls	r3, r3, #6
10000f12:	0312      	lsls	r2, r2, #12
10000f14:	18d2      	adds	r2, r2, r3
10000f16:	4b17      	ldr	r3, [pc, #92]	@ (10000f74 <pll_init+0xa4>)
10000f18:	601a      	str	r2, [r3, #0]
10000f1a:	4b17      	ldr	r3, [pc, #92]	@ (10000f78 <pll_init+0xa8>)
10000f1c:	601a      	str	r2, [r3, #0]
10000f1e:	0013      	movs	r3, r2
10000f20:	6801      	ldr	r1, [r0, #0]
10000f22:	438b      	bics	r3, r1
10000f24:	d1fb      	bne.n	10000f1e <pll_init+0x4e>
10000f26:	2221      	movs	r2, #33	@ 0x21
10000f28:	4b14      	ldr	r3, [pc, #80]	@ (10000f7c <pll_init+0xac>)
10000f2a:	6025      	str	r5, [r4, #0]
10000f2c:	18e3      	adds	r3, r4, r3
10000f2e:	60a6      	str	r6, [r4, #8]
10000f30:	601a      	str	r2, [r3, #0]
10000f32:	6822      	ldr	r2, [r4, #0]
10000f34:	2a00      	cmp	r2, #0
10000f36:	dafc      	bge.n	10000f32 <pll_init+0x62>
10000f38:	4662      	mov	r2, ip
10000f3a:	60e2      	str	r2, [r4, #12]
10000f3c:	2208      	movs	r2, #8
10000f3e:	601a      	str	r2, [r3, #0]
10000f40:	bc80      	pop	{r7}
10000f42:	46b8      	mov	r8, r7
10000f44:	bdf0      	pop	{r4, r5, r6, r7, pc}
10000f46:	233f      	movs	r3, #63	@ 0x3f
10000f48:	6822      	ldr	r2, [r4, #0]
10000f4a:	4013      	ands	r3, r2
10000f4c:	42ab      	cmp	r3, r5
10000f4e:	d1d7      	bne.n	10000f00 <pll_init+0x30>
10000f50:	68a3      	ldr	r3, [r4, #8]
10000f52:	051b      	lsls	r3, r3, #20
10000f54:	0d1b      	lsrs	r3, r3, #20
10000f56:	4283      	cmp	r3, r0
10000f58:	d1d2      	bne.n	10000f00 <pll_init+0x30>
10000f5a:	22ee      	movs	r2, #238	@ 0xee
10000f5c:	68e3      	ldr	r3, [r4, #12]
10000f5e:	02d2      	lsls	r2, r2, #11
10000f60:	4013      	ands	r3, r2
10000f62:	4563      	cmp	r3, ip
10000f64:	d1cc      	bne.n	10000f00 <pll_init+0x30>
10000f66:	e7eb      	b.n	10000f40 <pll_init+0x70>
10000f68:	00b71b00 	.word	0x00b71b00
10000f6c:	bffd4000 	.word	0xbffd4000
10000f70:	4000c008 	.word	0x4000c008
10000f74:	4000e000 	.word	0x4000e000
10000f78:	4000f000 	.word	0x4000f000
10000f7c:	00003004 	.word	0x00003004

10000f80 <tick_start>:
10000f80:	2380      	movs	r3, #128	@ 0x80
10000f82:	4a02      	ldr	r2, [pc, #8]	@ (10000f8c <tick_start+0xc>)
10000f84:	009b      	lsls	r3, r3, #2
10000f86:	430b      	orrs	r3, r1
10000f88:	62d3      	str	r3, [r2, #44]	@ 0x2c
10000f8a:	4770      	bx	lr
10000f8c:	40058000 	.word	0x40058000

10000f90 <rom_func_lookup>:
10000f90:	2300      	movs	r3, #0
10000f92:	b510      	push	{r4, lr}
10000f94:	0001      	movs	r1, r0
10000f96:	8a98      	ldrh	r0, [r3, #20]
10000f98:	8b1b      	ldrh	r3, [r3, #24]
10000f9a:	4798      	blx	r3
10000f9c:	bd10      	pop	{r4, pc}
10000f9e:	46c0      	nop			@ (mov r8, r8)

10000fa0 <rom_data_lookup>:
10000fa0:	2316      	movs	r3, #22
10000fa2:	b510      	push	{r4, lr}
10000fa4:	0001      	movs	r1, r0
10000fa6:	8818      	ldrh	r0, [r3, #0]
10000fa8:	885b      	ldrh	r3, [r3, #2]
10000faa:	4798      	blx	r3
10000fac:	bd10      	pop	{r4, pc}
10000fae:	46c0      	nop			@ (mov r8, r8)

10000fb0 <rom_funcs_lookup>:
10000fb0:	b5f8      	push	{r3, r4, r5, r6, r7, lr}
10000fb2:	4647      	mov	r7, r8
10000fb4:	46ce      	mov	lr, r9
10000fb6:	b580      	push	{r7, lr}
10000fb8:	1e0f      	subs	r7, r1, #0
10000fba:	d018      	beq.n	10000fee <rom_funcs_lookup+0x3e>
10000fbc:	2314      	movs	r3, #20
10000fbe:	4699      	mov	r9, r3
10000fc0:	3304      	adds	r3, #4
10000fc2:	0004      	movs	r4, r0
10000fc4:	2500      	movs	r5, #0
10000fc6:	2601      	movs	r6, #1
10000fc8:	4698      	mov	r8, r3
10000fca:	464b      	mov	r3, r9
10000fcc:	8818      	ldrh	r0, [r3, #0]
10000fce:	4643      	mov	r3, r8
10000fd0:	6821      	ldr	r1, [r4, #0]
10000fd2:	881b      	ldrh	r3, [r3, #0]
10000fd4:	4798      	blx	r3
10000fd6:	c401      	stmia	r4!, {r0}
10000fd8:	1e43      	subs	r3, r0, #1
10000fda:	4198      	sbcs	r0, r3
10000fdc:	3501      	adds	r5, #1
10000fde:	4006      	ands	r6, r0
10000fe0:	42af      	cmp	r7, r5
10000fe2:	d1f2      	bne.n	10000fca <rom_funcs_lookup+0x1a>
10000fe4:	0030      	movs	r0, r6
10000fe6:	bcc0      	pop	{r6, r7}
10000fe8:	46b9      	mov	r9, r7
10000fea:	46b0      	mov	r8, r6
10000fec:	bdf8      	pop	{r3, r4, r5, r6, r7, pc}
10000fee:	2601      	movs	r6, #1
10000ff0:	e7f8      	b.n	10000fe4 <rom_funcs_lookup+0x34>
10000ff2:	46c0      	nop			@ (mov r8, r8)

10000ff4 <xosc_init>:
10000ff4:	23aa      	movs	r3, #170	@ 0xaa
10000ff6:	4a06      	ldr	r2, [pc, #24]	@ (10001010 <xosc_init+0x1c>)
10000ff8:	011b      	lsls	r3, r3, #4
10000ffa:	6013      	str	r3, [r2, #0]
10000ffc:	238d      	movs	r3, #141	@ 0x8d
10000ffe:	005b      	lsls	r3, r3, #1
10001000:	60d3      	str	r3, [r2, #12]
10001002:	4904      	ldr	r1, [pc, #16]	@ (10001014 <xosc_init+0x20>)
10001004:	4b04      	ldr	r3, [pc, #16]	@ (10001018 <xosc_init+0x24>)
10001006:	6019      	str	r1, [r3, #0]
10001008:	6853      	ldr	r3, [r2, #4]
1000100a:	2b00      	cmp	r3, #0
1000100c:	dafc      	bge.n	10001008 <xosc_init+0x14>
1000100e:	4770      	bx	lr
10001010:	40024000 	.word	0x40024000
10001014:	00fab000 	.word	0x00fab000
10001018:	40026000 	.word	0x40026000

1000101c <first_per_core_initializer>:
1000101c:	4770      	bx	lr
1000101e:	46c0      	nop			@ (mov r8, r8)

10001020 <hard_assertion_failure>:
10001020:	b510      	push	{r4, lr}
10001022:	4801      	ldr	r0, [pc, #4]	@ (10001028 <hard_assertion_failure+0x8>)
10001024:	f7ff fa36 	bl	10000494 <panic>
10001028:	10001828 	.word	0x10001828

1000102c <runtime_run_initializers>:
1000102c:	b570      	push	{r4, r5, r6, lr}
1000102e:	4d07      	ldr	r5, [pc, #28]	@ (1000104c <runtime_run_initializers+0x20>)
10001030:	4e07      	ldr	r6, [pc, #28]	@ (10001050 <runtime_run_initializers+0x24>)
10001032:	42b5      	cmp	r5, r6
10001034:	d209      	bcs.n	1000104a <runtime_run_initializers+0x1e>
10001036:	2400      	movs	r4, #0
10001038:	3e01      	subs	r6, #1
1000103a:	1b76      	subs	r6, r6, r5
1000103c:	08b6      	lsrs	r6, r6, #2
1000103e:	3601      	adds	r6, #1
10001040:	cd08      	ldmia	r5!, {r3}
10001042:	3401      	adds	r4, #1
10001044:	4798      	blx	r3
10001046:	42b4      	cmp	r4, r6
10001048:	d1fa      	bne.n	10001040 <runtime_run_initializers+0x14>
1000104a:	bd70      	pop	{r4, r5, r6, pc}
1000104c:	100017b0 	.word	0x100017b0
10001050:	100017ec 	.word	0x100017ec

10001054 <runtime_init_early_resets>:
10001054:	4b05      	ldr	r3, [pc, #20]	@ (1000106c <runtime_init_early_resets+0x18>)
10001056:	4a06      	ldr	r2, [pc, #24]	@ (10001070 <runtime_init_early_resets+0x1c>)
10001058:	4906      	ldr	r1, [pc, #24]	@ (10001074 <runtime_init_early_resets+0x20>)
1000105a:	601a      	str	r2, [r3, #0]
1000105c:	4a06      	ldr	r2, [pc, #24]	@ (10001078 <runtime_init_early_resets+0x24>)
1000105e:	4b07      	ldr	r3, [pc, #28]	@ (1000107c <runtime_init_early_resets+0x28>)
10001060:	601a      	str	r2, [r3, #0]
10001062:	0010      	movs	r0, r2
10001064:	680b      	ldr	r3, [r1, #0]
10001066:	4398      	bics	r0, r3
10001068:	d1fb      	bne.n	10001062 <runtime_init_early_resets+0xe>
1000106a:	4770      	bx	lr
1000106c:	4000e000 	.word	0x4000e000
10001070:	fefbcdbf 	.word	0xfefbcdbf
10001074:	4000c008 	.word	0x4000c008
10001078:	003c7ffe 	.word	0x003c7ffe
1000107c:	4000f000 	.word	0x4000f000

10001080 <runtime_init_usb_power_down>:
10001080:	4b04      	ldr	r3, [pc, #16]	@ (10001094 <runtime_init_usb_power_down+0x14>)
10001082:	6cdb      	ldr	r3, [r3, #76]	@ 0x4c
10001084:	2b00      	cmp	r3, #0
10001086:	d103      	bne.n	10001090 <runtime_init_usb_power_down+0x10>
10001088:	2280      	movs	r2, #128	@ 0x80
1000108a:	4b03      	ldr	r3, [pc, #12]	@ (10001098 <runtime_init_usb_power_down+0x18>)
1000108c:	02d2      	lsls	r2, r2, #11
1000108e:	601a      	str	r2, [r3, #0]
10001090:	4770      	bx	lr
10001092:	46c0      	nop			@ (mov r8, r8)
10001094:	50110000 	.word	0x50110000
10001098:	5011204c 	.word	0x5011204c

1000109c <runtime_init_post_clock_resets>:
1000109c:	4a04      	ldr	r2, [pc, #16]	@ (100010b0 <runtime_init_post_clock_resets+0x14>)
1000109e:	4b05      	ldr	r3, [pc, #20]	@ (100010b4 <runtime_init_post_clock_resets+0x18>)
100010a0:	601a      	str	r2, [r3, #0]
100010a2:	4a05      	ldr	r2, [pc, #20]	@ (100010b8 <runtime_init_post_clock_resets+0x1c>)
100010a4:	6813      	ldr	r3, [r2, #0]
100010a6:	01db      	lsls	r3, r3, #7
100010a8:	3380      	adds	r3, #128	@ 0x80
100010aa:	d1fb      	bne.n	100010a4 <runtime_init_post_clock_resets+0x8>
100010ac:	4770      	bx	lr
100010ae:	46c0      	nop			@ (mov r8, r8)
100010b0:	01ffffff 	.word	0x01ffffff
100010b4:	4000f000 	.word	0x4000f000
100010b8:	4000c008 	.word	0x4000c008

100010bc <runtime_init_rp2040_gpio_ie_disable>:
100010bc:	2240      	movs	r2, #64	@ 0x40
100010be:	4b03      	ldr	r3, [pc, #12]	@ (100010cc <runtime_init_rp2040_gpio_ie_disable+0x10>)
100010c0:	679a      	str	r2, [r3, #120]	@ 0x78
100010c2:	675a      	str	r2, [r3, #116]	@ 0x74
100010c4:	671a      	str	r2, [r3, #112]	@ 0x70
100010c6:	66da      	str	r2, [r3, #108]	@ 0x6c
100010c8:	4770      	bx	lr
100010ca:	46c0      	nop			@ (mov r8, r8)
100010cc:	4001f000 	.word	0x4001f000

100010d0 <runtime_init_spin_locks_reset>:
100010d0:	b510      	push	{r4, lr}
100010d2:	f7ff fa2b 	bl	1000052c <spin_locks_reset>
100010d6:	bd10      	pop	{r4, pc}

100010d8 <runtime_init_install_ram_vector_table>:
100010d8:	b570      	push	{r4, r5, r6, lr}
100010da:	4927      	ldr	r1, [pc, #156]	@ (10001178 <runtime_init_install_ram_vector_table+0xa0>)
100010dc:	4e27      	ldr	r6, [pc, #156]	@ (1000117c <runtime_init_install_ram_vector_table+0xa4>)
100010de:	4d28      	ldr	r5, [pc, #160]	@ (10001180 <runtime_init_install_ram_vector_table+0xa8>)
100010e0:	1a76      	subs	r6, r6, r1
100010e2:	08b4      	lsrs	r4, r6, #2
100010e4:	0022      	movs	r2, r4
100010e6:	2c30      	cmp	r4, #48	@ 0x30
100010e8:	d900      	bls.n	100010ec <runtime_init_install_ram_vector_table+0x14>
100010ea:	2230      	movs	r2, #48	@ 0x30
100010ec:	0028      	movs	r0, r5
100010ee:	0092      	lsls	r2, r2, #2
100010f0:	f000 f9a0 	bl	10001434 <__wrap___aeabi_memcpy>
100010f4:	2c2f      	cmp	r4, #47	@ 0x2f
100010f6:	d83b      	bhi.n	10001170 <runtime_init_install_ram_vector_table+0x98>
100010f8:	0023      	movs	r3, r4
100010fa:	3b2a      	subs	r3, #42	@ 0x2a
100010fc:	4a21      	ldr	r2, [pc, #132]	@ (10001184 <runtime_init_install_ram_vector_table+0xac>)
100010fe:	2b05      	cmp	r3, #5
10001100:	d91b      	bls.n	1000113a <runtime_init_install_ram_vector_table+0x62>
10001102:	2030      	movs	r0, #48	@ 0x30
10001104:	19ae      	adds	r6, r5, r6
10001106:	0771      	lsls	r1, r6, #29
10001108:	1b00      	subs	r0, r0, r4
1000110a:	0026      	movs	r6, r4
1000110c:	0fcb      	lsrs	r3, r1, #31
1000110e:	2900      	cmp	r1, #0
10001110:	da02      	bge.n	10001118 <runtime_init_install_ram_vector_table+0x40>
10001112:	00a1      	lsls	r1, r4, #2
10001114:	506a      	str	r2, [r5, r1]
10001116:	1c66      	adds	r6, r4, #1
10001118:	1ac0      	subs	r0, r0, r3
1000111a:	18e3      	adds	r3, r4, r3
1000111c:	009b      	lsls	r3, r3, #2
1000111e:	0841      	lsrs	r1, r0, #1
10001120:	18eb      	adds	r3, r5, r3
10001122:	00c9      	lsls	r1, r1, #3
10001124:	18c9      	adds	r1, r1, r3
10001126:	601a      	str	r2, [r3, #0]
10001128:	605a      	str	r2, [r3, #4]
1000112a:	3308      	adds	r3, #8
1000112c:	428b      	cmp	r3, r1
1000112e:	d1fa      	bne.n	10001126 <runtime_init_install_ram_vector_table+0x4e>
10001130:	2301      	movs	r3, #1
10001132:	4203      	tst	r3, r0
10001134:	d01c      	beq.n	10001170 <runtime_init_install_ram_vector_table+0x98>
10001136:	4398      	bics	r0, r3
10001138:	1984      	adds	r4, r0, r6
1000113a:	00a3      	lsls	r3, r4, #2
1000113c:	50ea      	str	r2, [r5, r3]
1000113e:	1c63      	adds	r3, r4, #1
10001140:	2c2f      	cmp	r4, #47	@ 0x2f
10001142:	d015      	beq.n	10001170 <runtime_init_install_ram_vector_table+0x98>
10001144:	009b      	lsls	r3, r3, #2
10001146:	50ea      	str	r2, [r5, r3]
10001148:	1ca3      	adds	r3, r4, #2
1000114a:	2c2e      	cmp	r4, #46	@ 0x2e
1000114c:	d010      	beq.n	10001170 <runtime_init_install_ram_vector_table+0x98>
1000114e:	009b      	lsls	r3, r3, #2
10001150:	50ea      	str	r2, [r5, r3]
10001152:	1ce3      	adds	r3, r4, #3
10001154:	2c2d      	cmp	r4, #45	@ 0x2d
10001156:	d00b      	beq.n	10001170 <runtime_init_install_ram_vector_table+0x98>
10001158:	009b      	lsls	r3, r3, #2
1000115a:	50ea      	str	r2, [r5, r3]
1000115c:	1d23      	adds	r3, r4, #4
1000115e:	2c2c      	cmp	r4, #44	@ 0x2c
10001160:	d006      	beq.n	10001170 <runtime_init_install_ram_vector_table+0x98>
10001162:	009b      	lsls	r3, r3, #2
10001164:	50ea      	str	r2, [r5, r3]
10001166:	1d63      	adds	r3, r4, #5
10001168:	2c2b      	cmp	r4, #43	@ 0x2b
1000116a:	d001      	beq.n	10001170 <runtime_init_install_ram_vector_table+0x98>
1000116c:	009b      	lsls	r3, r3, #2
1000116e:	50ea      	str	r2, [r5, r3]
10001170:	4b05      	ldr	r3, [pc, #20]	@ (10001188 <runtime_init_install_ram_vector_table+0xb0>)
10001172:	609d      	str	r5, [r3, #8]
10001174:	bd70      	pop	{r4, r5, r6, pc}
10001176:	46c0      	nop			@ (mov r8, r8)
10001178:	10000100 	.word	0x10000100
1000117c:	100001c0 	.word	0x100001c0
10001180:	20000000 	.word	0x20000000
10001184:	100001c1 	.word	0x100001c1
10001188:	e000ed00 	.word	0xe000ed00

1000118c <runtime_init_clocks>:
1000118c:	2300      	movs	r3, #0
1000118e:	b510      	push	{r4, lr}
10001190:	4c29      	ldr	r4, [pc, #164]	@ (10001238 <runtime_init_clocks+0xac>)
10001192:	b082      	sub	sp, #8
10001194:	67a3      	str	r3, [r4, #120]	@ 0x78
10001196:	f7ff ff2d 	bl	10000ff4 <xosc_init>
1000119a:	2201      	movs	r2, #1
1000119c:	4b27      	ldr	r3, [pc, #156]	@ (1000123c <runtime_init_clocks+0xb0>)
1000119e:	601a      	str	r2, [r3, #0]
100011a0:	6c63      	ldr	r3, [r4, #68]	@ 0x44
100011a2:	2b01      	cmp	r3, #1
100011a4:	d1fc      	bne.n	100011a0 <runtime_init_clocks+0x14>
100011a6:	2203      	movs	r2, #3
100011a8:	4b25      	ldr	r3, [pc, #148]	@ (10001240 <runtime_init_clocks+0xb4>)
100011aa:	601a      	str	r2, [r3, #0]
100011ac:	4a22      	ldr	r2, [pc, #136]	@ (10001238 <runtime_init_clocks+0xac>)
100011ae:	6b93      	ldr	r3, [r2, #56]	@ 0x38
100011b0:	2b01      	cmp	r3, #1
100011b2:	d1fc      	bne.n	100011ae <runtime_init_clocks+0x22>
100011b4:	3301      	adds	r3, #1
100011b6:	9300      	str	r3, [sp, #0]
100011b8:	2101      	movs	r1, #1
100011ba:	4a22      	ldr	r2, [pc, #136]	@ (10001244 <runtime_init_clocks+0xb8>)
100011bc:	4822      	ldr	r0, [pc, #136]	@ (10001248 <runtime_init_clocks+0xbc>)
100011be:	3304      	adds	r3, #4
100011c0:	f7ff fe86 	bl	10000ed0 <pll_init>
100011c4:	2305      	movs	r3, #5
100011c6:	2101      	movs	r1, #1
100011c8:	9300      	str	r3, [sp, #0]
100011ca:	4a20      	ldr	r2, [pc, #128]	@ (1000124c <runtime_init_clocks+0xc0>)
100011cc:	4820      	ldr	r0, [pc, #128]	@ (10001250 <runtime_init_clocks+0xc4>)
100011ce:	f7ff fe7f 	bl	10000ed0 <pll_init>
100011d2:	2200      	movs	r2, #0
100011d4:	2102      	movs	r1, #2
100011d6:	2004      	movs	r0, #4
100011d8:	4b1e      	ldr	r3, [pc, #120]	@ (10001254 <runtime_init_clocks+0xc8>)
100011da:	f7ff fe03 	bl	10000de4 <clock_configure_undivided>
100011de:	2200      	movs	r2, #0
100011e0:	2101      	movs	r1, #1
100011e2:	2005      	movs	r0, #5
100011e4:	4b1c      	ldr	r3, [pc, #112]	@ (10001258 <runtime_init_clocks+0xcc>)
100011e6:	f7ff fdfd 	bl	10000de4 <clock_configure_undivided>
100011ea:	2200      	movs	r2, #0
100011ec:	2100      	movs	r1, #0
100011ee:	2007      	movs	r0, #7
100011f0:	4b1a      	ldr	r3, [pc, #104]	@ (1000125c <runtime_init_clocks+0xd0>)
100011f2:	f7ff fdf7 	bl	10000de4 <clock_configure_undivided>
100011f6:	2200      	movs	r2, #0
100011f8:	2100      	movs	r1, #0
100011fa:	2008      	movs	r0, #8
100011fc:	4b17      	ldr	r3, [pc, #92]	@ (1000125c <runtime_init_clocks+0xd0>)
100011fe:	f7ff fdf1 	bl	10000de4 <clock_configure_undivided>
10001202:	2380      	movs	r3, #128	@ 0x80
10001204:	00db      	lsls	r3, r3, #3
10001206:	9300      	str	r3, [sp, #0]
10001208:	2200      	movs	r2, #0
1000120a:	2100      	movs	r1, #0
1000120c:	2009      	movs	r0, #9
1000120e:	4b13      	ldr	r3, [pc, #76]	@ (1000125c <runtime_init_clocks+0xd0>)
10001210:	f7ff fd72 	bl	10000cf8 <clock_configure_int_divider>
10001214:	2200      	movs	r2, #0
10001216:	4b10      	ldr	r3, [pc, #64]	@ (10001258 <runtime_init_clocks+0xcc>)
10001218:	2100      	movs	r1, #0
1000121a:	2006      	movs	r0, #6
1000121c:	f7ff fde2 	bl	10000de4 <clock_configure_undivided>
10001220:	2004      	movs	r0, #4
10001222:	f7ff fe4f 	bl	10000ec4 <clock_get_hz>
10001226:	490e      	ldr	r1, [pc, #56]	@ (10001260 <runtime_init_clocks+0xd4>)
10001228:	f000 f824 	bl	10001274 <__wrap___aeabi_uidiv>
1000122c:	0001      	movs	r1, r0
1000122e:	2000      	movs	r0, #0
10001230:	f7ff fea6 	bl	10000f80 <tick_start>
10001234:	b002      	add	sp, #8
10001236:	bd10      	pop	{r4, pc}
10001238:	40008000 	.word	0x40008000
1000123c:	4000b03c 	.word	0x4000b03c
10001240:	4000b030 	.word	0x4000b030
10001244:	59682f00 	.word	0x59682f00
10001248:	40028000 	.word	0x40028000
1000124c:	47868c00 	.word	0x47868c00
10001250:	4002c000 	.word	0x4002c000
10001254:	00b71b00 	.word	0x00b71b00
10001258:	07735940 	.word	0x07735940
1000125c:	02dc6c00 	.word	0x02dc6c00
10001260:	000f4240 	.word	0x000f4240

10001264 <__aeabi_bits_init>:
10001264:	4801      	ldr	r0, [pc, #4]	@ (1000126c <__aeabi_bits_init+0x8>)
10001266:	2104      	movs	r1, #4
10001268:	4b01      	ldr	r3, [pc, #4]	@ (10001270 <__aeabi_bits_init+0xc>)
1000126a:	4718      	bx	r3
1000126c:	20000200 	.word	0x20000200
10001270:	10000fb1 	.word	0x10000fb1

10001274 <__wrap___aeabi_uidiv>:
10001274:	4a11      	ldr	r2, [pc, #68]	@ (100012bc <divmod_u32u32_savestate+0x18>)
10001276:	6f93      	ldr	r3, [r2, #120]	@ 0x78
10001278:	089b      	lsrs	r3, r3, #2
1000127a:	d213      	bcs.n	100012a4 <divmod_u32u32_savestate>

1000127c <divmod_u32u32_core>:
1000127c:	6610      	str	r0, [r2, #96]	@ 0x60
1000127e:	6651      	str	r1, [r2, #100]	@ 0x64
10001280:	2900      	cmp	r1, #0
10001282:	d005      	beq.n	10001290 <divmod_u32u32_core+0x14>
10001284:	e7ff      	b.n	10001286 <divmod_u32u32_core+0xa>
10001286:	e7ff      	b.n	10001288 <divmod_u32u32_core+0xc>
10001288:	e7ff      	b.n	1000128a <divmod_u32u32_core+0xe>
1000128a:	6f51      	ldr	r1, [r2, #116]	@ 0x74
1000128c:	6f10      	ldr	r0, [r2, #112]	@ 0x70
1000128e:	4770      	bx	lr
10001290:	b504      	push	{r2, lr}
10001292:	2800      	cmp	r0, #0
10001294:	d001      	beq.n	1000129a <divmod_u32u32_core+0x1e>
10001296:	2000      	movs	r0, #0
10001298:	43c0      	mvns	r0, r0
1000129a:	f000 fa71 	bl	10001780 <____aeabi_idiv0_veneer>
1000129e:	2100      	movs	r1, #0
100012a0:	bd04      	pop	{r2, pc}
100012a2:	46c0      	nop			@ (mov r8, r8)

100012a4 <divmod_u32u32_savestate>:
100012a4:	b5f0      	push	{r4, r5, r6, r7, lr}
100012a6:	6e14      	ldr	r4, [r2, #96]	@ 0x60
100012a8:	6e55      	ldr	r5, [r2, #100]	@ 0x64
100012aa:	6f57      	ldr	r7, [r2, #116]	@ 0x74
100012ac:	6f16      	ldr	r6, [r2, #112]	@ 0x70
100012ae:	f7ff ffe5 	bl	1000127c <divmod_u32u32_core>
100012b2:	6614      	str	r4, [r2, #96]	@ 0x60
100012b4:	6655      	str	r5, [r2, #100]	@ 0x64
100012b6:	6757      	str	r7, [r2, #116]	@ 0x74
100012b8:	6716      	str	r6, [r2, #112]	@ 0x70
100012ba:	bdf0      	pop	{r4, r5, r6, r7, pc}
100012bc:	d0000000 	.word	0xd0000000

100012c0 <__aeabi_double_init>:
100012c0:	2313      	movs	r3, #19
100012c2:	b570      	push	{r4, r5, r6, lr}
100012c4:	781d      	ldrb	r5, [r3, #0]
100012c6:	2d01      	cmp	r5, #1
100012c8:	d019      	beq.n	100012fe <__aeabi_double_init+0x3e>
100012ca:	dd14      	ble.n	100012f6 <__aeabi_double_init+0x36>
100012cc:	481f      	ldr	r0, [pc, #124]	@ (1000134c <__aeabi_double_init+0x8c>)
100012ce:	f7ff fe67 	bl	10000fa0 <rom_data_lookup>
100012d2:	0006      	movs	r6, r0
100012d4:	481e      	ldr	r0, [pc, #120]	@ (10001350 <__aeabi_double_init+0x90>)
100012d6:	f7ff fe63 	bl	10000fa0 <rom_data_lookup>
100012da:	4c1e      	ldr	r4, [pc, #120]	@ (10001354 <__aeabi_double_init+0x94>)
100012dc:	2280      	movs	r2, #128	@ 0x80
100012de:	0031      	movs	r1, r6
100012e0:	0020      	movs	r0, r4
100012e2:	f000 f8a7 	bl	10001434 <__wrap___aeabi_memcpy>
100012e6:	2d02      	cmp	r5, #2
100012e8:	d02d      	beq.n	10001346 <__aeabi_double_init+0x86>
100012ea:	481b      	ldr	r0, [pc, #108]	@ (10001358 <__aeabi_double_init+0x98>)
100012ec:	f7ff fe50 	bl	10000f90 <rom_func_lookup>
100012f0:	4b1a      	ldr	r3, [pc, #104]	@ (1000135c <__aeabi_double_init+0x9c>)
100012f2:	6018      	str	r0, [r3, #0]
100012f4:	bd70      	pop	{r4, r5, r6, pc}
100012f6:	4b1a      	ldr	r3, [pc, #104]	@ (10001360 <__aeabi_double_init+0xa0>)
100012f8:	4c16      	ldr	r4, [pc, #88]	@ (10001354 <__aeabi_double_init+0x94>)
100012fa:	64a3      	str	r3, [r4, #72]	@ 0x48
100012fc:	e7f5      	b.n	100012ea <__aeabi_double_init+0x2a>
100012fe:	4b18      	ldr	r3, [pc, #96]	@ (10001360 <__aeabi_double_init+0xa0>)
10001300:	4c14      	ldr	r4, [pc, #80]	@ (10001354 <__aeabi_double_init+0x94>)
10001302:	6023      	str	r3, [r4, #0]
10001304:	6063      	str	r3, [r4, #4]
10001306:	60a3      	str	r3, [r4, #8]
10001308:	60e3      	str	r3, [r4, #12]
1000130a:	6123      	str	r3, [r4, #16]
1000130c:	6163      	str	r3, [r4, #20]
1000130e:	61a3      	str	r3, [r4, #24]
10001310:	61e3      	str	r3, [r4, #28]
10001312:	6223      	str	r3, [r4, #32]
10001314:	6263      	str	r3, [r4, #36]	@ 0x24
10001316:	62a3      	str	r3, [r4, #40]	@ 0x28
10001318:	62e3      	str	r3, [r4, #44]	@ 0x2c
1000131a:	6323      	str	r3, [r4, #48]	@ 0x30
1000131c:	6363      	str	r3, [r4, #52]	@ 0x34
1000131e:	63a3      	str	r3, [r4, #56]	@ 0x38
10001320:	63e3      	str	r3, [r4, #60]	@ 0x3c
10001322:	6423      	str	r3, [r4, #64]	@ 0x40
10001324:	6463      	str	r3, [r4, #68]	@ 0x44
10001326:	64a3      	str	r3, [r4, #72]	@ 0x48
10001328:	64e3      	str	r3, [r4, #76]	@ 0x4c
1000132a:	6523      	str	r3, [r4, #80]	@ 0x50
1000132c:	6563      	str	r3, [r4, #84]	@ 0x54
1000132e:	65a3      	str	r3, [r4, #88]	@ 0x58
10001330:	65e3      	str	r3, [r4, #92]	@ 0x5c
10001332:	6623      	str	r3, [r4, #96]	@ 0x60
10001334:	6663      	str	r3, [r4, #100]	@ 0x64
10001336:	66a3      	str	r3, [r4, #104]	@ 0x68
10001338:	66e3      	str	r3, [r4, #108]	@ 0x6c
1000133a:	6723      	str	r3, [r4, #112]	@ 0x70
1000133c:	6763      	str	r3, [r4, #116]	@ 0x74
1000133e:	67a3      	str	r3, [r4, #120]	@ 0x78
10001340:	67e3      	str	r3, [r4, #124]	@ 0x7c
10001342:	64a3      	str	r3, [r4, #72]	@ 0x48
10001344:	e7d1      	b.n	100012ea <__aeabi_double_init+0x2a>
10001346:	4b06      	ldr	r3, [pc, #24]	@ (10001360 <__aeabi_double_init+0xa0>)
10001348:	64a3      	str	r3, [r4, #72]	@ 0x48
1000134a:	e7ce      	b.n	100012ea <__aeabi_double_init+0x2a>
1000134c:	00004453 	.word	0x00004453
10001350:	00004653 	.word	0x00004653
10001354:	200003a8 	.word	0x200003a8
10001358:	0000334c 	.word	0x0000334c
1000135c:	200005f4 	.word	0x200005f4
10001360:	10001365 	.word	0x10001365

10001364 <double_table_shim_on_use_helper>:
10001364:	b507      	push	{r0, r1, r2, lr}
10001366:	4660      	mov	r0, ip
10001368:	8801      	ldrh	r1, [r0, #0]
1000136a:	0a0a      	lsrs	r2, r1, #8
1000136c:	3002      	adds	r0, #2
1000136e:	2adf      	cmp	r2, #223	@ 0xdf
10001370:	d1fa      	bne.n	10001368 <double_table_shim_on_use_helper+0x4>
10001372:	b2c9      	uxtb	r1, r1
10001374:	0882      	lsrs	r2, r0, #2
10001376:	d304      	bcc.n	10001382 <double_table_shim_on_use_helper+0x1e>
10001378:	8802      	ldrh	r2, [r0, #0]
1000137a:	8840      	ldrh	r0, [r0, #2]
1000137c:	0400      	lsls	r0, r0, #16
1000137e:	4310      	orrs	r0, r2
10001380:	e000      	b.n	10001384 <double_table_shim_on_use_helper+0x20>
10001382:	6800      	ldr	r0, [r0, #0]
10001384:	4a01      	ldr	r2, [pc, #4]	@ (1000138c <double_table_shim_on_use_helper+0x28>)
10001386:	5050      	str	r0, [r2, r1]
10001388:	9003      	str	r0, [sp, #12]
1000138a:	bd07      	pop	{r0, r1, r2, pc}
1000138c:	200003a8 	.word	0x200003a8

10001390 <__aeabi_float_init>:
10001390:	2313      	movs	r3, #19
10001392:	b510      	push	{r4, lr}
10001394:	781c      	ldrb	r4, [r3, #0]
10001396:	4813      	ldr	r0, [pc, #76]	@ (100013e4 <__aeabi_float_init+0x54>)
10001398:	f7ff fe02 	bl	10000fa0 <rom_data_lookup>
1000139c:	2c01      	cmp	r4, #1
1000139e:	d00b      	beq.n	100013b8 <__aeabi_float_init+0x28>
100013a0:	dd04      	ble.n	100013ac <__aeabi_float_init+0x1c>
100013a2:	0001      	movs	r1, r0
100013a4:	2280      	movs	r2, #128	@ 0x80
100013a6:	4810      	ldr	r0, [pc, #64]	@ (100013e8 <__aeabi_float_init+0x58>)
100013a8:	f000 f844 	bl	10001434 <__wrap___aeabi_memcpy>
100013ac:	480f      	ldr	r0, [pc, #60]	@ (100013ec <__aeabi_float_init+0x5c>)
100013ae:	f7ff fdef 	bl	10000f90 <rom_func_lookup>
100013b2:	4b0f      	ldr	r3, [pc, #60]	@ (100013f0 <__aeabi_float_init+0x60>)
100013b4:	6018      	str	r0, [r3, #0]
100013b6:	bd10      	pop	{r4, pc}
100013b8:	4c0b      	ldr	r4, [pc, #44]	@ (100013e8 <__aeabi_float_init+0x58>)
100013ba:	0001      	movs	r1, r0
100013bc:	2254      	movs	r2, #84	@ 0x54
100013be:	0020      	movs	r0, r4
100013c0:	f000 f838 	bl	10001434 <__wrap___aeabi_memcpy>
100013c4:	4b0b      	ldr	r3, [pc, #44]	@ (100013f4 <__aeabi_float_init+0x64>)
100013c6:	6563      	str	r3, [r4, #84]	@ 0x54
100013c8:	65a3      	str	r3, [r4, #88]	@ 0x58
100013ca:	65e3      	str	r3, [r4, #92]	@ 0x5c
100013cc:	6623      	str	r3, [r4, #96]	@ 0x60
100013ce:	6663      	str	r3, [r4, #100]	@ 0x64
100013d0:	66a3      	str	r3, [r4, #104]	@ 0x68
100013d2:	66e3      	str	r3, [r4, #108]	@ 0x6c
100013d4:	6723      	str	r3, [r4, #112]	@ 0x70
100013d6:	6763      	str	r3, [r4, #116]	@ 0x74
100013d8:	67a3      	str	r3, [r4, #120]	@ 0x78
100013da:	67e3      	str	r3, [r4, #124]	@ 0x7c
100013dc:	6223      	str	r3, [r4, #32]
100013de:	61e3      	str	r3, [r4, #28]
100013e0:	e7e4      	b.n	100013ac <__aeabi_float_init+0x1c>
100013e2:	46c0      	nop			@ (mov r8, r8)
100013e4:	00004653 	.word	0x00004653
100013e8:	200004a8 	.word	0x200004a8
100013ec:	0000334c 	.word	0x0000334c
100013f0:	200005f4 	.word	0x200005f4
100013f4:	100013f9 	.word	0x100013f9

100013f8 <float_table_shim_on_use_helper>:
100013f8:	b507      	push	{r0, r1, r2, lr}
100013fa:	4660      	mov	r0, ip
100013fc:	8801      	ldrh	r1, [r0, #0]
100013fe:	0a0a      	lsrs	r2, r1, #8
10001400:	3002      	adds	r0, #2
10001402:	2adf      	cmp	r2, #223	@ 0xdf
10001404:	d1fa      	bne.n	100013fc <float_table_shim_on_use_helper+0x4>
10001406:	b2c9      	uxtb	r1, r1
10001408:	0882      	lsrs	r2, r0, #2
1000140a:	d304      	bcc.n	10001416 <float_table_shim_on_use_helper+0x1e>
1000140c:	8802      	ldrh	r2, [r0, #0]
1000140e:	8840      	ldrh	r0, [r0, #2]
10001410:	0400      	lsls	r0, r0, #16
10001412:	4310      	orrs	r0, r2
10001414:	e000      	b.n	10001418 <float_table_shim_on_use_helper+0x20>
10001416:	6800      	ldr	r0, [r0, #0]
10001418:	4a01      	ldr	r2, [pc, #4]	@ (10001420 <float_table_shim_on_use_helper+0x28>)
1000141a:	5050      	str	r0, [r2, r1]
1000141c:	9003      	str	r0, [sp, #12]
1000141e:	bd07      	pop	{r0, r1, r2, pc}
10001420:	200004a8 	.word	0x200004a8

10001424 <__aeabi_mem_init>:
10001424:	4801      	ldr	r0, [pc, #4]	@ (1000142c <__aeabi_mem_init+0x8>)
10001426:	2104      	movs	r1, #4
10001428:	4b01      	ldr	r3, [pc, #4]	@ (10001430 <__aeabi_mem_init+0xc>)
1000142a:	4718      	bx	r3
1000142c:	20000210 	.word	0x20000210
10001430:	10000fb1 	.word	0x10000fb1

10001434 <__wrap___aeabi_memcpy>:
10001434:	4b01      	ldr	r3, [pc, #4]	@ (1000143c <__wrap___aeabi_memcpy+0x8>)
10001436:	685b      	ldr	r3, [r3, #4]
10001438:	4718      	bx	r3
1000143a:	0000      	.short	0x0000
1000143c:	20000210 	.word	0x20000210

10001440 <_out_char>:
10001440:	b510      	push	{r4, lr}
10001442:	2800      	cmp	r0, #0
10001444:	d100      	bne.n	10001448 <_out_char+0x8>
10001446:	bd10      	pop	{r4, pc}
10001448:	f000 f902 	bl	10001650 <__wrap_putchar>
1000144c:	e7fb      	b.n	10001446 <_out_char+0x6>
1000144e:	46c0      	nop			@ (mov r8, r8)

10001450 <weak_raw_vprintf>:
10001450:	b510      	push	{r4, lr}
10001452:	4a09      	ldr	r2, [pc, #36]	@ (10001478 <weak_raw_vprintf+0x28>)
10001454:	0003      	movs	r3, r0
10001456:	6814      	ldr	r4, [r2, #0]
10001458:	b084      	sub	sp, #16
1000145a:	2c00      	cmp	r4, #0
1000145c:	d008      	beq.n	10001470 <weak_raw_vprintf+0x20>
1000145e:	2201      	movs	r2, #1
10001460:	9100      	str	r1, [sp, #0]
10001462:	4806      	ldr	r0, [pc, #24]	@ (1000147c <weak_raw_vprintf+0x2c>)
10001464:	4252      	negs	r2, r2
10001466:	a903      	add	r1, sp, #12
10001468:	47a0      	blx	r4
1000146a:	2001      	movs	r0, #1
1000146c:	b004      	add	sp, #16
1000146e:	bd10      	pop	{r4, pc}
10001470:	f000 f938 	bl	100016e4 <__wrap_puts>
10001474:	2000      	movs	r0, #0
10001476:	e7f9      	b.n	1000146c <weak_raw_vprintf+0x1c>
10001478:	200005e0 	.word	0x200005e0
1000147c:	10001441 	.word	0x10001441

10001480 <_exit>:
10001480:	be00      	bkpt	0x0000
10001482:	e7fd      	b.n	10001480 <_exit>

10001484 <_fini>:
10001484:	4770      	bx	lr
10001486:	46c0      	nop			@ (mov r8, r8)

10001488 <exit>:
10001488:	b510      	push	{r4, lr}
1000148a:	f7ff fff9 	bl	10001480 <_exit>
1000148e:	46c0      	nop			@ (mov r8, r8)

10001490 <runtime_init>:
10001490:	b570      	push	{r4, r5, r6, lr}
10001492:	f7ff fdcb 	bl	1000102c <runtime_run_initializers>
10001496:	4d07      	ldr	r5, [pc, #28]	@ (100014b4 <runtime_init+0x24>)
10001498:	4e07      	ldr	r6, [pc, #28]	@ (100014b8 <runtime_init+0x28>)
1000149a:	42b5      	cmp	r5, r6
1000149c:	d209      	bcs.n	100014b2 <runtime_init+0x22>
1000149e:	2400      	movs	r4, #0
100014a0:	3e01      	subs	r6, #1
100014a2:	1b76      	subs	r6, r6, r5
100014a4:	08b6      	lsrs	r6, r6, #2
100014a6:	3601      	adds	r6, #1
100014a8:	cd08      	ldmia	r5!, {r3}
100014aa:	3401      	adds	r4, #1
100014ac:	4798      	blx	r3
100014ae:	42b4      	cmp	r4, r6
100014b0:	d1fa      	bne.n	100014a8 <runtime_init+0x18>
100014b2:	bd70      	pop	{r4, r5, r6, pc}
100014b4:	100017ec 	.word	0x100017ec
100014b8:	100017ec 	.word	0x100017ec

100014bc <stdio_out_chars_no_crlf>:
100014bc:	0003      	movs	r3, r0
100014be:	b510      	push	{r4, lr}
100014c0:	0008      	movs	r0, r1
100014c2:	0011      	movs	r1, r2
100014c4:	681b      	ldr	r3, [r3, #0]
100014c6:	4798      	blx	r3
100014c8:	bd10      	pop	{r4, pc}
100014ca:	46c0      	nop			@ (mov r8, r8)

100014cc <stdio_out_chars_crlf>:
100014cc:	b5f8      	push	{r3, r4, r5, r6, r7, lr}
100014ce:	7d43      	ldrb	r3, [r0, #21]
100014d0:	0007      	movs	r7, r0
100014d2:	000d      	movs	r5, r1
100014d4:	0016      	movs	r6, r2
100014d6:	2b00      	cmp	r3, #0
100014d8:	d038      	beq.n	1000154c <stdio_out_chars_crlf+0x80>
100014da:	2a00      	cmp	r2, #0
100014dc:	dd1a      	ble.n	10001514 <stdio_out_chars_crlf+0x48>
100014de:	780b      	ldrb	r3, [r1, #0]
100014e0:	2b0a      	cmp	r3, #10
100014e2:	d018      	beq.n	10001516 <stdio_out_chars_crlf+0x4a>
100014e4:	2000      	movs	r0, #0
100014e6:	2e01      	cmp	r6, #1
100014e8:	d009      	beq.n	100014fe <stdio_out_chars_crlf+0x32>
100014ea:	2401      	movs	r4, #1
100014ec:	0021      	movs	r1, r4
100014ee:	5c6b      	ldrb	r3, [r5, r1]
100014f0:	3401      	adds	r4, #1
100014f2:	2b0a      	cmp	r3, #10
100014f4:	d01a      	beq.n	1000152c <stdio_out_chars_crlf+0x60>
100014f6:	42b4      	cmp	r4, r6
100014f8:	d1f8      	bne.n	100014ec <stdio_out_chars_crlf+0x20>
100014fa:	4286      	cmp	r6, r0
100014fc:	dd03      	ble.n	10001506 <stdio_out_chars_crlf+0x3a>
100014fe:	1a31      	subs	r1, r6, r0
10001500:	683b      	ldr	r3, [r7, #0]
10001502:	1828      	adds	r0, r5, r0
10001504:	4798      	blx	r3
10001506:	19ad      	adds	r5, r5, r6
10001508:	3d01      	subs	r5, #1
1000150a:	782b      	ldrb	r3, [r5, #0]
1000150c:	3b0d      	subs	r3, #13
1000150e:	425a      	negs	r2, r3
10001510:	4153      	adcs	r3, r2
10001512:	753b      	strb	r3, [r7, #20]
10001514:	bdf8      	pop	{r3, r4, r5, r6, r7, pc}
10001516:	7d03      	ldrb	r3, [r0, #20]
10001518:	2b00      	cmp	r3, #0
1000151a:	d1e3      	bne.n	100014e4 <stdio_out_chars_crlf+0x18>
1000151c:	2102      	movs	r1, #2
1000151e:	480e      	ldr	r0, [pc, #56]	@ (10001558 <stdio_out_chars_crlf+0x8c>)
10001520:	683b      	ldr	r3, [r7, #0]
10001522:	4798      	blx	r3
10001524:	2e01      	cmp	r6, #1
10001526:	d0ee      	beq.n	10001506 <stdio_out_chars_crlf+0x3a>
10001528:	2001      	movs	r0, #1
1000152a:	e7de      	b.n	100014ea <stdio_out_chars_crlf+0x1e>
1000152c:	1e6b      	subs	r3, r5, #1
1000152e:	5c5b      	ldrb	r3, [r3, r1]
10001530:	2b0d      	cmp	r3, #13
10001532:	d0e0      	beq.n	100014f6 <stdio_out_chars_crlf+0x2a>
10001534:	4288      	cmp	r0, r1
10001536:	da03      	bge.n	10001540 <stdio_out_chars_crlf+0x74>
10001538:	1a09      	subs	r1, r1, r0
1000153a:	683b      	ldr	r3, [r7, #0]
1000153c:	1828      	adds	r0, r5, r0
1000153e:	4798      	blx	r3
10001540:	4805      	ldr	r0, [pc, #20]	@ (10001558 <stdio_out_chars_crlf+0x8c>)
10001542:	2102      	movs	r1, #2
10001544:	683b      	ldr	r3, [r7, #0]
10001546:	4798      	blx	r3
10001548:	0020      	movs	r0, r4
1000154a:	e7d4      	b.n	100014f6 <stdio_out_chars_crlf+0x2a>
1000154c:	6803      	ldr	r3, [r0, #0]
1000154e:	0011      	movs	r1, r2
10001550:	0028      	movs	r0, r5
10001552:	4798      	blx	r3
10001554:	e7de      	b.n	10001514 <stdio_out_chars_crlf+0x48>
10001556:	46c0      	nop			@ (mov r8, r8)
10001558:	100018d8 	.word	0x100018d8

1000155c <stdio_put_string>:
1000155c:	b5f0      	push	{r4, r5, r6, r7, lr}
1000155e:	4646      	mov	r6, r8
10001560:	46d6      	mov	lr, sl
10001562:	464f      	mov	r7, r9
10001564:	b5c0      	push	{r6, r7, lr}
10001566:	b082      	sub	sp, #8
10001568:	4690      	mov	r8, r2
1000156a:	001c      	movs	r4, r3
1000156c:	0006      	movs	r6, r0
1000156e:	000d      	movs	r5, r1
10001570:	f7ff fbb8 	bl	10000ce4 <time_us_64>
10001574:	2300      	movs	r3, #0
10001576:	4a2f      	ldr	r2, [pc, #188]	@ (10001634 <stdio_put_string+0xd8>)
10001578:	1812      	adds	r2, r2, r0
1000157a:	414b      	adcs	r3, r1
1000157c:	2b00      	cmp	r3, #0
1000157e:	da02      	bge.n	10001586 <stdio_put_string+0x2a>
10001580:	2201      	movs	r2, #1
10001582:	4b2d      	ldr	r3, [pc, #180]	@ (10001638 <stdio_put_string+0xdc>)
10001584:	4252      	negs	r2, r2
10001586:	492d      	ldr	r1, [pc, #180]	@ (1000163c <stdio_put_string+0xe0>)
10001588:	0008      	movs	r0, r1
1000158a:	468a      	mov	sl, r1
1000158c:	f000 f908 	bl	100017a0 <__mutex_try_enter_block_until_veneer>
10001590:	4681      	mov	r9, r0
10001592:	1c6b      	adds	r3, r5, #1
10001594:	d103      	bne.n	1000159e <stdio_put_string+0x42>
10001596:	0030      	movs	r0, r6
10001598:	f000 f8c2 	bl	10001720 <strlen>
1000159c:	0005      	movs	r5, r0
1000159e:	2c00      	cmp	r4, #0
100015a0:	d027      	beq.n	100015f2 <stdio_put_string+0x96>
100015a2:	4f27      	ldr	r7, [pc, #156]	@ (10001640 <stdio_put_string+0xe4>)
100015a4:	4b27      	ldr	r3, [pc, #156]	@ (10001644 <stdio_put_string+0xe8>)
100015a6:	681c      	ldr	r4, [r3, #0]
100015a8:	2c00      	cmp	r4, #0
100015aa:	d018      	beq.n	100015de <stdio_put_string+0x82>
100015ac:	4643      	mov	r3, r8
100015ae:	2b00      	cmp	r3, #0
100015b0:	d121      	bne.n	100015f6 <stdio_put_string+0x9a>
100015b2:	4b25      	ldr	r3, [pc, #148]	@ (10001648 <stdio_put_string+0xec>)
100015b4:	4698      	mov	r8, r3
100015b6:	e002      	b.n	100015be <stdio_put_string+0x62>
100015b8:	6924      	ldr	r4, [r4, #16]
100015ba:	2c00      	cmp	r4, #0
100015bc:	d00f      	beq.n	100015de <stdio_put_string+0x82>
100015be:	6823      	ldr	r3, [r4, #0]
100015c0:	2b00      	cmp	r3, #0
100015c2:	d0f9      	beq.n	100015b8 <stdio_put_string+0x5c>
100015c4:	4643      	mov	r3, r8
100015c6:	681b      	ldr	r3, [r3, #0]
100015c8:	2b00      	cmp	r3, #0
100015ca:	d001      	beq.n	100015d0 <stdio_put_string+0x74>
100015cc:	429c      	cmp	r4, r3
100015ce:	d1f3      	bne.n	100015b8 <stdio_put_string+0x5c>
100015d0:	0020      	movs	r0, r4
100015d2:	002a      	movs	r2, r5
100015d4:	0031      	movs	r1, r6
100015d6:	47b8      	blx	r7
100015d8:	6924      	ldr	r4, [r4, #16]
100015da:	2c00      	cmp	r4, #0
100015dc:	d1ef      	bne.n	100015be <stdio_put_string+0x62>
100015de:	464b      	mov	r3, r9
100015e0:	2b00      	cmp	r3, #0
100015e2:	d123      	bne.n	1000162c <stdio_put_string+0xd0>
100015e4:	0028      	movs	r0, r5
100015e6:	b002      	add	sp, #8
100015e8:	bce0      	pop	{r5, r6, r7}
100015ea:	46ba      	mov	sl, r7
100015ec:	46b1      	mov	r9, r6
100015ee:	46a8      	mov	r8, r5
100015f0:	bdf0      	pop	{r4, r5, r6, r7, pc}
100015f2:	4f16      	ldr	r7, [pc, #88]	@ (1000164c <stdio_put_string+0xf0>)
100015f4:	e7d6      	b.n	100015a4 <stdio_put_string+0x48>
100015f6:	4b14      	ldr	r3, [pc, #80]	@ (10001648 <stdio_put_string+0xec>)
100015f8:	4698      	mov	r8, r3
100015fa:	e002      	b.n	10001602 <stdio_put_string+0xa6>
100015fc:	6924      	ldr	r4, [r4, #16]
100015fe:	2c00      	cmp	r4, #0
10001600:	d0ed      	beq.n	100015de <stdio_put_string+0x82>
10001602:	6823      	ldr	r3, [r4, #0]
10001604:	2b00      	cmp	r3, #0
10001606:	d0f9      	beq.n	100015fc <stdio_put_string+0xa0>
10001608:	4643      	mov	r3, r8
1000160a:	681b      	ldr	r3, [r3, #0]
1000160c:	2b00      	cmp	r3, #0
1000160e:	d001      	beq.n	10001614 <stdio_put_string+0xb8>
10001610:	42a3      	cmp	r3, r4
10001612:	d1f3      	bne.n	100015fc <stdio_put_string+0xa0>
10001614:	002a      	movs	r2, r5
10001616:	0031      	movs	r1, r6
10001618:	0020      	movs	r0, r4
1000161a:	47b8      	blx	r7
1000161c:	466b      	mov	r3, sp
1000161e:	220a      	movs	r2, #10
10001620:	0020      	movs	r0, r4
10001622:	71da      	strb	r2, [r3, #7]
10001624:	1dd9      	adds	r1, r3, #7
10001626:	3a09      	subs	r2, #9
10001628:	47b8      	blx	r7
1000162a:	e7e7      	b.n	100015fc <stdio_put_string+0xa0>
1000162c:	4650      	mov	r0, sl
1000162e:	f000 f8af 	bl	10001790 <__mutex_exit_veneer>
10001632:	e7d7      	b.n	100015e4 <stdio_put_string+0x88>
10001634:	000f4240 	.word	0x000f4240
10001638:	7fffffff 	.word	0x7fffffff
1000163c:	20000220 	.word	0x20000220
10001640:	100014cd 	.word	0x100014cd
10001644:	200005d4 	.word	0x200005d4
10001648:	200005d8 	.word	0x200005d8
1000164c:	100014bd 	.word	0x100014bd

10001650 <__wrap_putchar>:
10001650:	b5f0      	push	{r4, r5, r6, r7, lr}
10001652:	46ce      	mov	lr, r9
10001654:	4647      	mov	r7, r8
10001656:	b580      	push	{r7, lr}
10001658:	b083      	sub	sp, #12
1000165a:	466b      	mov	r3, sp
1000165c:	0006      	movs	r6, r0
1000165e:	1ddd      	adds	r5, r3, #7
10001660:	7028      	strb	r0, [r5, #0]
10001662:	f7ff fb3f 	bl	10000ce4 <time_us_64>
10001666:	2300      	movs	r3, #0
10001668:	4a19      	ldr	r2, [pc, #100]	@ (100016d0 <__wrap_putchar+0x80>)
1000166a:	1812      	adds	r2, r2, r0
1000166c:	414b      	adcs	r3, r1
1000166e:	2b00      	cmp	r3, #0
10001670:	da02      	bge.n	10001678 <__wrap_putchar+0x28>
10001672:	2201      	movs	r2, #1
10001674:	4b17      	ldr	r3, [pc, #92]	@ (100016d4 <__wrap_putchar+0x84>)
10001676:	4252      	negs	r2, r2
10001678:	4917      	ldr	r1, [pc, #92]	@ (100016d8 <__wrap_putchar+0x88>)
1000167a:	0008      	movs	r0, r1
1000167c:	4689      	mov	r9, r1
1000167e:	f000 f88f 	bl	100017a0 <__mutex_try_enter_block_until_veneer>
10001682:	4b16      	ldr	r3, [pc, #88]	@ (100016dc <__wrap_putchar+0x8c>)
10001684:	4680      	mov	r8, r0
10001686:	681c      	ldr	r4, [r3, #0]
10001688:	2c00      	cmp	r4, #0
1000168a:	d014      	beq.n	100016b6 <__wrap_putchar+0x66>
1000168c:	4f14      	ldr	r7, [pc, #80]	@ (100016e0 <__wrap_putchar+0x90>)
1000168e:	e002      	b.n	10001696 <__wrap_putchar+0x46>
10001690:	6924      	ldr	r4, [r4, #16]
10001692:	2c00      	cmp	r4, #0
10001694:	d00f      	beq.n	100016b6 <__wrap_putchar+0x66>
10001696:	6823      	ldr	r3, [r4, #0]
10001698:	2b00      	cmp	r3, #0
1000169a:	d0f9      	beq.n	10001690 <__wrap_putchar+0x40>
1000169c:	683b      	ldr	r3, [r7, #0]
1000169e:	2b00      	cmp	r3, #0
100016a0:	d001      	beq.n	100016a6 <__wrap_putchar+0x56>
100016a2:	429c      	cmp	r4, r3
100016a4:	d1f4      	bne.n	10001690 <__wrap_putchar+0x40>
100016a6:	0020      	movs	r0, r4
100016a8:	2201      	movs	r2, #1
100016aa:	0029      	movs	r1, r5
100016ac:	f7ff ff0e 	bl	100014cc <stdio_out_chars_crlf>
100016b0:	6924      	ldr	r4, [r4, #16]
100016b2:	2c00      	cmp	r4, #0
100016b4:	d1ef      	bne.n	10001696 <__wrap_putchar+0x46>
100016b6:	4643      	mov	r3, r8
100016b8:	2b00      	cmp	r3, #0
100016ba:	d105      	bne.n	100016c8 <__wrap_putchar+0x78>
100016bc:	0030      	movs	r0, r6
100016be:	b003      	add	sp, #12
100016c0:	bcc0      	pop	{r6, r7}
100016c2:	46b9      	mov	r9, r7
100016c4:	46b0      	mov	r8, r6
100016c6:	bdf0      	pop	{r4, r5, r6, r7, pc}
100016c8:	4648      	mov	r0, r9
100016ca:	f000 f861 	bl	10001790 <__mutex_exit_veneer>
100016ce:	e7f5      	b.n	100016bc <__wrap_putchar+0x6c>
100016d0:	000f4240 	.word	0x000f4240
100016d4:	7fffffff 	.word	0x7fffffff
100016d8:	20000220 	.word	0x20000220
100016dc:	200005d4 	.word	0x200005d4
100016e0:	200005d8 	.word	0x200005d8

100016e4 <__wrap_puts>:
100016e4:	b570      	push	{r4, r5, r6, lr}
100016e6:	0004      	movs	r4, r0
100016e8:	f000 f81a 	bl	10001720 <strlen>
100016ec:	2301      	movs	r3, #1
100016ee:	0001      	movs	r1, r0
100016f0:	0005      	movs	r5, r0
100016f2:	2201      	movs	r2, #1
100016f4:	0020      	movs	r0, r4
100016f6:	f7ff ff31 	bl	1000155c <stdio_put_string>
100016fa:	4b08      	ldr	r3, [pc, #32]	@ (1000171c <__wrap_puts+0x38>)
100016fc:	681c      	ldr	r4, [r3, #0]
100016fe:	2c00      	cmp	r4, #0
10001700:	d006      	beq.n	10001710 <__wrap_puts+0x2c>
10001702:	6863      	ldr	r3, [r4, #4]
10001704:	2b00      	cmp	r3, #0
10001706:	d005      	beq.n	10001714 <__wrap_puts+0x30>
10001708:	4798      	blx	r3
1000170a:	6924      	ldr	r4, [r4, #16]
1000170c:	2c00      	cmp	r4, #0
1000170e:	d1f8      	bne.n	10001702 <__wrap_puts+0x1e>
10001710:	0028      	movs	r0, r5
10001712:	bd70      	pop	{r4, r5, r6, pc}
10001714:	6924      	ldr	r4, [r4, #16]
10001716:	2c00      	cmp	r4, #0
10001718:	d1f3      	bne.n	10001702 <__wrap_puts+0x1e>
1000171a:	e7f9      	b.n	10001710 <__wrap_puts+0x2c>
1000171c:	200005d4 	.word	0x200005d4

10001720 <strlen>:
10001720:	0003      	movs	r3, r0
10001722:	4684      	mov	ip, r0
10001724:	079b      	lsls	r3, r3, #30
10001726:	d00b      	beq.n	10001740 <strlen+0x20>
10001728:	0003      	movs	r3, r0
1000172a:	2103      	movs	r1, #3
1000172c:	e002      	b.n	10001734 <strlen+0x14>
1000172e:	3301      	adds	r3, #1
10001730:	420b      	tst	r3, r1
10001732:	d006      	beq.n	10001742 <strlen+0x22>
10001734:	781a      	ldrb	r2, [r3, #0]
10001736:	2a00      	cmp	r2, #0
10001738:	d1f9      	bne.n	1000172e <strlen+0xe>
1000173a:	4662      	mov	r2, ip
1000173c:	1a98      	subs	r0, r3, r2
1000173e:	4770      	bx	lr
10001740:	0003      	movs	r3, r0
10001742:	6819      	ldr	r1, [r3, #0]
10001744:	4a0c      	ldr	r2, [pc, #48]	@ (10001778 <strlen+0x58>)
10001746:	480d      	ldr	r0, [pc, #52]	@ (1000177c <strlen+0x5c>)
10001748:	188a      	adds	r2, r1, r2
1000174a:	438a      	bics	r2, r1
1000174c:	4202      	tst	r2, r0
1000174e:	d10f      	bne.n	10001770 <strlen+0x50>
10001750:	6859      	ldr	r1, [r3, #4]
10001752:	4a09      	ldr	r2, [pc, #36]	@ (10001778 <strlen+0x58>)
10001754:	3304      	adds	r3, #4
10001756:	188a      	adds	r2, r1, r2
10001758:	438a      	bics	r2, r1
1000175a:	4202      	tst	r2, r0
1000175c:	d108      	bne.n	10001770 <strlen+0x50>
1000175e:	6859      	ldr	r1, [r3, #4]
10001760:	4a05      	ldr	r2, [pc, #20]	@ (10001778 <strlen+0x58>)
10001762:	3304      	adds	r3, #4
10001764:	188a      	adds	r2, r1, r2
10001766:	438a      	bics	r2, r1
10001768:	4202      	tst	r2, r0
1000176a:	d0f1      	beq.n	10001750 <strlen+0x30>
1000176c:	e000      	b.n	10001770 <strlen+0x50>
1000176e:	3301      	adds	r3, #1
10001770:	781a      	ldrb	r2, [r3, #0]
10001772:	2a00      	cmp	r2, #0
10001774:	d1fb      	bne.n	1000176e <strlen+0x4e>
10001776:	e7e0      	b.n	1000173a <strlen+0x1a>
10001778:	fefefeff 	.word	0xfefefeff
1000177c:	80808080 	.word	0x80808080

10001780 <____aeabi_idiv0_veneer>:
10001780:	b401      	push	{r0}
10001782:	4802      	ldr	r0, [pc, #8]	@ (1000178c <____aeabi_idiv0_veneer+0xc>)
10001784:	4684      	mov	ip, r0
10001786:	bc01      	pop	{r0}
10001788:	4760      	bx	ip
1000178a:	bf00      	nop
1000178c:	200001c1 	.word	0x200001c1

10001790 <__mutex_exit_veneer>:
10001790:	b401      	push	{r0}
10001792:	4802      	ldr	r0, [pc, #8]	@ (1000179c <__mutex_exit_veneer+0xc>)
10001794:	4684      	mov	ip, r0
10001796:	bc01      	pop	{r0}
10001798:	4760      	bx	ip
1000179a:	bf00      	nop
1000179c:	20000199 	.word	0x20000199

100017a0 <__mutex_try_enter_block_until_veneer>:
100017a0:	b401      	push	{r0}
100017a2:	4802      	ldr	r0, [pc, #8]	@ (100017ac <__mutex_try_enter_block_until_veneer+0xc>)
100017a4:	4684      	mov	ip, r0
100017a6:	bc01      	pop	{r0}
100017a8:	4760      	bx	ip
100017aa:	bf00      	nop
100017ac:	20000165 	.word	0x20000165

100017b0 <__pre_init_runtime_init_early_resets>:
100017b0:	10001055                                U...

100017b4 <__pre_init_runtime_init_usb_power_down>:
100017b4:	10001081 10001265 10001425 100012c1     ....e...%.......
100017c4:	10001391                                ....

100017c8 <__pre_init_runtime_init_clocks>:
100017c8:	1000118d                                ....

100017cc <__pre_init_runtime_init_post_clock_resets>:
100017cc:	1000109d                                ....

100017d0 <__pre_init_runtime_init_rp2040_gpio_ie_disable>:
100017d0:	100010bd                                ....

100017d4 <__pre_init_runtime_init_spin_locks_reset>:
100017d4:	100010d1                                ....

100017d8 <__pre_init_runtime_init_mutex>:
100017d8:	10000619                                ....

100017dc <__pre_init_runtime_init_install_ram_vector_table>:
100017dc:	100010d9                                ....

100017e0 <__pre_init_runtime_init_default_alarm_pool>:
100017e0:	1000098d                                ....

100017e4 <__pre_init_first_per_core_initializer>:
100017e4:	1000101d                                ....

100017e8 <__pre_init_runtime_init_per_core_irq_priorities>:
100017e8:	10000549                                I...

Disassembly of section .data:

200000c0 <mutex_try_enter>:
200000c0:	0003      	movs	r3, r0
200000c2:	6800      	ldr	r0, [r0, #0]
200000c4:	f3ef 8c10 	mrs	ip, PRIMASK
200000c8:	b672      	cpsid	i
200000ca:	6802      	ldr	r2, [r0, #0]
200000cc:	2a00      	cmp	r2, #0
200000ce:	d0fc      	beq.n	200000ca <mutex_try_enter+0xa>
200000d0:	f3bf 8f5f 	dmb	sy
200000d4:	2204      	movs	r2, #4
200000d6:	569a      	ldrsb	r2, [r3, r2]
200000d8:	2a00      	cmp	r2, #0
200000da:	db0b      	blt.n	200000f4 <mutex_try_enter+0x34>
200000dc:	2900      	cmp	r1, #0
200000de:	d000      	beq.n	200000e2 <mutex_try_enter+0x22>
200000e0:	600a      	str	r2, [r1, #0]
200000e2:	2000      	movs	r0, #0
200000e4:	681b      	ldr	r3, [r3, #0]
200000e6:	f3bf 8f5f 	dmb	sy
200000ea:	2200      	movs	r2, #0
200000ec:	601a      	str	r2, [r3, #0]
200000ee:	f38c 8810 	msr	PRIMASK, ip
200000f2:	4770      	bx	lr
200000f4:	22d0      	movs	r2, #208	@ 0xd0
200000f6:	0612      	lsls	r2, r2, #24
200000f8:	6812      	ldr	r2, [r2, #0]
200000fa:	2001      	movs	r0, #1
200000fc:	711a      	strb	r2, [r3, #4]
200000fe:	e7f1      	b.n	200000e4 <mutex_try_enter+0x24>

20000100 <mutex_enter_block_until>:
20000100:	b5f0      	push	{r4, r5, r6, r7, lr}
20000102:	001f      	movs	r7, r3
20000104:	23d0      	movs	r3, #208	@ 0xd0
20000106:	46c6      	mov	lr, r8
20000108:	061b      	lsls	r3, r3, #24
2000010a:	681b      	ldr	r3, [r3, #0]
2000010c:	0004      	movs	r4, r0
2000010e:	0016      	movs	r6, r2
20000110:	4698      	mov	r8, r3
20000112:	2500      	movs	r5, #0
20000114:	b500      	push	{lr}
20000116:	e00a      	b.n	2000012e <mutex_enter_block_until+0x2e>
20000118:	f3bf 8f5f 	dmb	sy
2000011c:	6015      	str	r5, [r2, #0]
2000011e:	f381 8810 	msr	PRIMASK, r1
20000122:	0030      	movs	r0, r6
20000124:	0039      	movs	r1, r7
20000126:	f000 f84f 	bl	200001c8 <__best_effort_wfe_or_timeout_veneer>
2000012a:	2800      	cmp	r0, #0
2000012c:	d118      	bne.n	20000160 <mutex_enter_block_until+0x60>
2000012e:	6822      	ldr	r2, [r4, #0]
20000130:	f3ef 8110 	mrs	r1, PRIMASK
20000134:	b672      	cpsid	i
20000136:	6813      	ldr	r3, [r2, #0]
20000138:	2b00      	cmp	r3, #0
2000013a:	d0fc      	beq.n	20000136 <mutex_enter_block_until+0x36>
2000013c:	f3bf 8f5f 	dmb	sy
20000140:	7923      	ldrb	r3, [r4, #4]
20000142:	6822      	ldr	r2, [r4, #0]
20000144:	2b7f      	cmp	r3, #127	@ 0x7f
20000146:	d9e7      	bls.n	20000118 <mutex_enter_block_until+0x18>
20000148:	4643      	mov	r3, r8
2000014a:	7123      	strb	r3, [r4, #4]
2000014c:	f3bf 8f5f 	dmb	sy
20000150:	2300      	movs	r3, #0
20000152:	6013      	str	r3, [r2, #0]
20000154:	f381 8810 	msr	PRIMASK, r1
20000158:	2001      	movs	r0, #1
2000015a:	bc80      	pop	{r7}
2000015c:	46b8      	mov	r8, r7
2000015e:	bdf0      	pop	{r4, r5, r6, r7, pc}
20000160:	2000      	movs	r0, #0
20000162:	e7fa      	b.n	2000015a <mutex_enter_block_until+0x5a>

20000164 <mutex_try_enter_block_until>:
20000164:	b570      	push	{r4, r5, r6, lr}
20000166:	b082      	sub	sp, #8
20000168:	a901      	add	r1, sp, #4
2000016a:	0006      	movs	r6, r0
2000016c:	0014      	movs	r4, r2
2000016e:	001d      	movs	r5, r3
20000170:	f7ff ffa6 	bl	200000c0 <mutex_try_enter>
20000174:	2800      	cmp	r0, #0
20000176:	d107      	bne.n	20000188 <mutex_try_enter_block_until+0x24>
20000178:	22d0      	movs	r2, #208	@ 0xd0
2000017a:	0612      	lsls	r2, r2, #24
2000017c:	9b01      	ldr	r3, [sp, #4]
2000017e:	7812      	ldrb	r2, [r2, #0]
20000180:	b25b      	sxtb	r3, r3
20000182:	b252      	sxtb	r2, r2
20000184:	4293      	cmp	r3, r2
20000186:	d101      	bne.n	2000018c <mutex_try_enter_block_until+0x28>
20000188:	b002      	add	sp, #8
2000018a:	bd70      	pop	{r4, r5, r6, pc}
2000018c:	0022      	movs	r2, r4
2000018e:	002b      	movs	r3, r5
20000190:	0030      	movs	r0, r6
20000192:	f7ff ffb5 	bl	20000100 <mutex_enter_block_until>
20000196:	e7f7      	b.n	20000188 <mutex_try_enter_block_until+0x24>

20000198 <mutex_exit>:
20000198:	6802      	ldr	r2, [r0, #0]
2000019a:	f3ef 8110 	mrs	r1, PRIMASK
2000019e:	b672      	cpsid	i
200001a0:	6813      	ldr	r3, [r2, #0]
200001a2:	2b00      	cmp	r3, #0
200001a4:	d0fc      	beq.n	200001a0 <mutex_exit+0x8>
200001a6:	f3bf 8f5f 	dmb	sy
200001aa:	23ff      	movs	r3, #255	@ 0xff
200001ac:	7103      	strb	r3, [r0, #4]
200001ae:	6803      	ldr	r3, [r0, #0]
200001b0:	f3bf 8f5f 	dmb	sy
200001b4:	2200      	movs	r2, #0
200001b6:	601a      	str	r2, [r3, #0]
200001b8:	f381 8810 	msr	PRIMASK, r1
200001bc:	bf40      	sev
200001be:	4770      	bx	lr

200001c0 <__aeabi_idiv0>:
200001c0:	4770      	bx	lr
200001c2:	46c0      	nop			@ (mov r8, r8)
200001c4:	0000      	movs	r0, r0
	...

200001c8 <__best_effort_wfe_or_timeout_veneer>:
200001c8:	b401      	push	{r0}
200001ca:	4802      	ldr	r0, [pc, #8]	@ (200001d4 <__best_effort_wfe_or_timeout_veneer+0xc>)
200001cc:	4684      	mov	ip, r0
200001ce:	bc01      	pop	{r0}
200001d0:	4760      	bx	ip
200001d2:	bf00      	nop
200001d4:	10000b95 	.word	0x10000b95

200001d8 <striped_spin_lock_num>:
200001d8:	00000010 00000000                       ........

200001e0 <last_added.0>:
200001e0:	ffffffff 7fffffff                       ........

200001e8 <default_alarm_pool>:
	...
200001fc:	20000228                                (.. 

20000200 <aeabi_bits_funcs>:
20000200:	00003350 	.word	0x00003350
20000204:	0000334c 	.word	0x0000334c
20000208:	00003354 	.word	0x00003354
2000020c:	00003352 	.word	0x00003352

20000210 <aeabi_bits_funcs_end>:
20000210:	0000534d 	.word	0x0000534d
20000214:	0000434d 	.word	0x0000434d
20000218:	00003453 	.word	0x00003453
2000021c:	00003443 	.word	0x00003443

20000220 <print_mutex>:
	...
